#OTU ID	sample13	sample14	sample15
55a3b3b66eb1d13cf1e9d43f843987c6	5	0	0
a2d62443fd2b65934367891c1c04c298	7	0	0
de495f0bb1563f86f05572c88a758fac	3	7	0
8e3cbe6c44eb904a2fb92de20bb50cb4	2	0	0
73c7088cdc6ad24fa28ab1d44df3cc1a	2	0	0
623f7372b6388525a20df6da0baf38fc	0	2	0
b9c48e848951f82b4e7ae33b815dd7b3	5	0	0
55dc549b9a42a17c54fb3b0e03c3e924	0	0	6
16c40f218e86cabd727e06a9de9c1c6c	0	0	2
54981894f802766863b7ce223072e45c	55	0	13
cc8ba55359717713c495a8d708d052f5	0	0	14
56570b016a7e239568d6f122784313b2	26	0	0
de5a7057d4b44a503229c19bf8814620	0	7	0
a34ca7b119450de5291799d25a9d5dd1	15	0	0
0465be42f0b31a5ca1d1b66e0b5b1e5c	4	0	0
8e2cb3a2ee5f70a6bc52618216cf0598	7	0	0
73cfb1a35baa3687cc3f8ae6331ce601	0	8	0
b0b702ab3d8d6f10f4bbe7f99341c695	4	0	0
5c0d08262b90e681fc0691476c5cfdcf	734	22	0
2df4e15486e6a5a4d7a354048ca12415	7	0	0
67481d77a582539e01306f286ad5f25b	15	110	11
0e3251378fef74d85a1a4351b32c6e0d	0	0	3
b4d44f76c2dbab36c5770cd4800c0ec8	0	2	0
794a7dcad09028a09512b1a2c1ee0637	0	0	2
9a621588a3cc341b84091d09fddb426e	285	0	96
8a05d9a889725a2e064d2ff283aaebf3	24	0	0
ba787cb60028e59bbc0ed8a82b4a1631	21	13	13
e7be3d154c6bfc174abb45995a977206	0	56	0
b0333fef59e0f25ef3789002c074fc0c	0	0	6
76267ef493da0f63ef73934baf99cd21	2	0	0
64d63604fcdfce8ab1eea7f5f28653fe	0	12	0
7e9ddf7b9892c24e802c797856a5eeda	0	0	6
d56b9fa0bc20b9a844d110662d8d83f5	3	0	0
ab6eaa4c5be801a43e4c5c0d02c94952	0	0	3
6505b724a88e85d78ef689a5e3cd8cb3	0	2	0
82b9429bbba2396b96046e64c0a25384	0	0	12
df1441c093753dbdce9cca2d5f5b0f73	0	13	0
75ba8a28f72d98029eb911ce41e2e667	2	0	0
7f976514358b0fd40af778930d76e5d6	0	4	0
3c1a2c16afd8aa604eeb2e1bd873c31c	2	0	0
1da4498676a771b3a3229b784602cf4d	0	4	0
b62cd7e63ce73aace189bfe8f77ef688	0	0	6
700e7cb4a2f501c1e579826b56f74743	0	0	4
9ab7ddeb3ede07df83ae5247f4d3883a	19	0	0
282d7a89e26a6ee84cec994e831f8eb2	0	3	0
aa8a12c51ba1f529bf301aa1f65ebac2	3	0	0
0e785b4c4dd1b0d0bdba00b631f80d55	0	0	4
214bfbe8d3d6d2d97f9947a2da07375c	2	0	0
3c86d705b70b22ac18aa13fd0bf3a911	0	2	0
9468f79de62a2ab1c20fce92d1283cc9	13	0	0
5384d789cf4abf0ea2bbd2ed3700f739	0	0	2
6289bc920d652e8fab074036fe97a249	0	7	0
fcc86ad2ed626746c5a9991422838104	2	0	0
2be7090aeca8c55b28f5066abb3bf74e	0	3	0
52f679b0fb530601eab1b095bcf2af67	0	2	0
0ece63342f14cfd8474b3acb9b0ee640	0	0	3
858038b148e90f1afa129e8d207a7223	0	6	0
1a79deda5c9dcd8d9d503d49bb31a26d	2	0	0
77f2a330d4e8c225f6b4ccf83d5b3e71	0	0	2
40707952b0cff00a43a2e097c73190b0	0	2	0
3d2d353104387d99a120abfb2aa55765	19	0	0
779e1f1f2e44ba80da9d1d1601ea407d	4	0	0
9bad01ecfd0a7ce5068d1069a74f5178	0	2	0
50219af7bd4d8f2f48f6af0ac22d8a42	7	8	0
386e3d7ac8c98ce1cfc06f68ead75f02	0	2	0
140eb19a2a1f86f98af6cbaf13742dd1	0	4	0
1030318f1a0d3eafac6192f2927dd585	4	0	0
2f560dfd3a63778dd0fbf5ed7aea4d8a	0	6	0
b274d3ec899d5a46438146a442f19ba6	0	4	0
988d3b05057012267148ccbcd7de12b1	5	0	0
29f406679b43fb18bccb479bb9d71d0f	0	6	0
8e5e150f23bfddc9ea04f0a6c5fe8419	4	0	0
5fe329ab78099b0cf167203db30ff23c	2	0	0
33376a9350dc56c5019f6c38778ca13f	3	0	0
ecf18bab01d3d198adedd46885d96bff	0	0	2
540e354afc859cc489fd471a76e6a784	0	2	0
bff84669ebcd7b2a445747d7de839164	2	0	0
6ea3e967d56211102d7de527cb23f2f9	0	0	2
0e315dff96323f9e46f4a7e841453fe1	6	0	0
a726be2a9437848930bfe1c42c906e70	0	0	8
fc8f9fba74d617155e024187786322ad	4	0	0
59a4a1cac97a77d928e42ceef7282892	0	0	10
0a614db7734bed5fcde820a51fbae094	0	19	0
ed9f031bf17e1ec9974dbc3a3b102b3d	12	30	19
62ca930171117170b3245d66c176adcf	5	7	0
72e0050a253492128df440bad366ed85	0	2	0
1ad80ab6a550ca118a4304e5d4070ab3	18	3	7
eaf945521c08bc87f34e021eead21417	11	35	19
e4f8dcae12edabb359427239de95180e	13	0	0
0277f58859b0da2529ee04027627f24f	17	0	0
58db03159f2b9e2d0866151bc534bdc1	0	28	11
bb1004c0d0cc4019a3ab8746a4595eea	21	0	0
578abda3b3cdf363e1fdee49105fe969	0	0	14
6e8591253397823116b50a1164f6ed32	23	33	14
56fc48d429aa7fd8f79f081bccc82e66	0	5	0
54f9d45ebe3c73f54132b2f1eb066039	0	6	3
ae5e99d005282350ce1f131f0f4aa4c3	41	38	0
42016433985454f3186dde297fc37eb6	0	13	0
f5c016a49dce1c36648018c75bd5838d	0	36	23
6d1077459ccb01eeace99e9efc3f8d49	17	23	0
4e2d0baae4086a5f74e74e70bb12bf03	0	15	7
3cd5528177788b43960cf1fbbac6c08c	46	0	0
6ace4e7664815b50cab6e2db8056b113	0	0	89
9fb50a32a737170fe6d700455d7e81a6	0	35	39
5abeb1a42458331892dc31bfcd611d0c	31	43	0
71569aec73fab212c59e4ba2a59f78b2	0	0	38
80892afa4b168fd8a7852be5d883bd3c	29	58	34
f0dcfcc7583f36e2e332311d8d435e19	29	3	9
1237d1c08ca2624c522aaf2836115313	0	0	9
ad5df7325a029de3dbc86a2b0e00d131	8	0	5
16d6f620a8fd1ae80842c55602da12f1	0	8	0
114ed3d8b9268916d2d4fc5ef340547c	11	24	0
0328ee99ccdc804ce9f6e90a3243849f	0	0	16
4287f9128329cdf3a30826b67cc0126c	0	31	0
60be511662c5e56ef65820597b6b9e20	17	0	0
4a0b292ba716582f9af46694458c0b9b	0	0	32
a408344c4139f95efd0c698d0a0532ad	0	0	74
93e472623a0f77055e27c7d4590a5214	0	4	0
cec9c691d7829a2398f9b17b5e7a017d	0	0	4
c2e96943245c206699b3d4dc473ac72d	0	32	29
5db71146c1aabe66937edba2c79c9940	0	13	0
c66d39333c68d36051fe22821e338916	0	0	5
4d8e2ad2d26d6526e4693904cb8f2015	0	18	0
4e3755dfbc2ba8e15b3697a757d51e00	35	71	26
ee3af1bc9599fdb89cfc8e59e4318802	5	0	0
63f3ef8d5630be1b78efd960c93b16de	7	0	0
443c144feb447e03e88d132eab73bf52	0	15	0
92511ef4ebc6b40652d363480e51a33c	9	0	0
127e08cbd5097f5278bb4fc01fcd3b95	0	4	0
7d1beb86cac17c036aca6cafdad828ec	0	8	0
b32bb64868ba79c3ba72b6bbfd302649	0	4	0
e1a98b2c93bccde5ebe4ab557180b7fb	0	0	3
83497c50611683c8966e25716ff31d82	3	0	0
e2a00f9c975e4f900034b555f68f8900	13	0	0
633ccb68564609e80b2782cd297d53de	0	25	28
22fcda57cb55bf41206dd312899a2f35	14	0	0
9cad4f3b63773b0ae3c2c88d1f257528	0	0	3
e7d975be4a855d28d79aa3525691bdf9	0	0	14
66037c502268e45fc47b956570d9a733	0	6	0
99f5be575e8c578231ebe76eac012c60	4	0	0
19544923e054ae86ea199a63ae6ec2a7	6	0	0
8a47db1147f92e2401cceb6ca15b30f1	0	3	0
4c0ec42d7b66a901addd75bb6cdc3eb8	0	0	2
0e8218b8da80a87d307af95acd05e422	5	0	0
97adbfc22055f5a38c7a6c101f305b32	0	0	7
72097842f08e6b852b31f2216cc8c0c2	0	0	3
10bfc8d727381936039cc0a3f5018841	0	0	19
0f5e7df8ec7236936699ba84f8ca6414	10	0	0
e72ed16dc84a8f18b151fdc41f17fd8c	0	3	0
bdea978c88ba82af40c76b7ee7bcc2d0	0	2	0
48d4fb388424047cb9aaacae92aa153d	4	6	0
1d02eae4c38cd6033c50079bbedbf536	0	0	3
eb5576c2a5e91b66247d05c56981c5f5	2	0	0
9daf7d2989c772d69f5a286e4a314665	0	0	3
6cf8a86cebeb7d8c0465a18a0994fbd7	0	4	0
fc8e8fb4137499780557ec9852b8afe6	0	3	0
db38b30b5b7e61a05941374fbc0d5457	0	3	0
db74116d7f6b57751c5dd5b5c76960fd	0	2	0
75ae20b8caa984b440a4cef85e959582	0	0	3
69c0110c7de22bc8a6e886af8c76c232	2	0	0
81113a4f7b77ce02d431c2264b29c891	0	0	5
6b62b9d01cf9bf46a1a57c2a1da07e83	0	0	6
ee598bf2ed3e54fd434d4fbe1ddf6a7b	0	3	0
68e461dd5c6f3b305a5ffa1bf3e8be77	0	5	0
c9f441c4a7422d7ac3dc05b3c86d37ce	0	0	5
9dbbd3521d519701b9fc1353d4f18539	0	0	3
ad2566714dfcb3729a6d22944c46d5d1	0	0	12
aee1f4a131670dec0c85e943f0a17df8	5	0	0
8cbd236a460355142acf2b471e2fa762	0	0	5
38ce83ce2922ff43032f70fa5adad3a6	0	26	0
598e0614f106970d50b699b47ec7c39c	0	0	65
45afd9dfa0972605b574891a50c2c215	0	10	0
49103e974fcb703c46bd2f757f136192	0	0	9
159444bc0b813da46a659d21a4d714fe	0	0	58
0059e389852a24857d3fea3cade2f4d3	31	0	0
9e530f6fced5f6d48f91f5adfb6a2c15	0	0	19
9428d7ccf0cbcac1b300ecbc71111c36	2	0	0
4858486cec1af0252d7e029a2cb70505	0	4	0
a284fc5e1094f7010adfb52aaa2173ef	0	3	0
3b3e1608aa048a025edb0958d04d8f0b	0	0	3
d781b7ef8c6c1af7848f54209d66be29	0	0	2
95c792b1008a7f80e9ab9f270adf4d76	0	5	0
3ebba7cd9bc200dc16196f6e32a34da0	0	3	0
d5c7d375b6fc32ee88e4e90406af6bce	0	0	5
dbd4c8cd4c0feedeb8f1adaf7ca60281	0	0	3
918037c11fcdd1a633d6715972f5c777	0	0	2
1533b1b28ce337a1cec0d7e5c16c6d4f	0	8	0
5fcdd37db5f7fdd9b53139264f8e008b	3	0	0
a8796b2e50505e4296833695931c87b2	0	12	0
09de94a9f24271495eafb06e3e23037a	12	0	18
eace8170816296b8d6acede864ce6ef9	10	11	13
a3a0df86b69b3beec082e4d1314eef1b	0	0	4
6793146b3666c73110f43e963e1f2b65	19	24	0
2458844b92ec03437f82cbd99b458a3d	0	18	43
192bfd1c9d1aab9d223d800ce72d616a	0	17	24
a06cffbd428387e870a6d176a078664d	18	0	0
38802b379cd430ee550000bd2fc3bc25	18	0	0
5a819d62713db9fbfe37e4d6f3312d3a	0	0	26
f467f8787adbb3e5fc9f1bc590118e1d	17	22	57
ea14bcddac06a67bef5f83e1acdfb67e	0	0	18
3835660921eeee68c44d037dff2ca750	0	2	0
dd76971236354385ae2bab36dbdcabfe	0	0	2
ac3b3112d6f5ad7e40e570ccd1bb1efc	0	11	0
31dec8dca9d457e87ea0b76abfe9a86b	6	0	0
21cbb4e6500a1cff3cf77dae41756349	0	2	0
7d7118c068368d02a332486422bb0836	0	0	5
a2c0263b186301c27910ffb00137cc1a	0	0	2
a597ca4db583283f7236436a25dcb6f4	0	2	0
8dcd7b56692073881a4fcbe9a29bafd8	0	0	2
3fdece227ac8d2b30a9f50511d772b93	0	3	0
61853c1dabecb38654b2d60095a83f55	0	0	8
3d1a5d37d7dc7bbf41fdcb9a48a4c8e0	0	6	0
2ecbb379e0e73dd6c0186eb6924e77e2	11	0	6
8d89d7f8fdf9ae8ed203adf1c5cb035c	0	0	2
29eba3d3c6e30c211baed17f462ff122	17	0	0
ad8e84b07fc0c97075139c602c9e84b8	0	15	0
ea51949bf9d3077ea086e56d6d314fd0	0	3	0
f8d9aa149f08c2007b1540d2f20eba53	0	2	0
8deac8d71b7692333216012c4ffc7611	0	3	0
b31815f5345a1e754d49ca1f57328252	0	44	0
d4ccfb1096815ff6e40b60f2f04a6370	15	0	0
4707be392b8d5ff3c73cae3d8d376c7e	0	0	4
9f3a2a63f2d574dc91350aa48a12d040	0	0	2
a1651edbdc761d96ecf4ad59e0ed232f	0	6	0
4887d4179cf1f7e9a8f3e2a4fb1a67e7	0	7	0
a2a7a72d79b806cdf37962ba599cde39	0	0	38
89892de19388fa2c25bc671e3f912ac8	0	23	19
c9e471bcae1446b0585095bfe482e3cf	18	18	26
b229c6a3fa1737367d82e64e7d22c5d0	0	0	25
070fc272903ae7ea02e3a26448029004	61	0	0
50997d1e6c398e7abaceb666004a2456	0	44	48
fc10aecad369fc10c441da7f5c3ef3cc	0	21	0
9784b14bec27a3d740e30cbb1ce34cb5	0	68	0
fe6c162f95b9aa4bd1dfae49ab323e2e	0	10	0
34ed5dee580cb7e4333f93fa7bbb2354	0	0	20
3b94c19ef326eea0918e1c3d244c999c	16	21	0
107273e73071282e4d0f4a0b46548da5	0	8	11
a63c438fdf54dab3760eef280c5b4fc3	22	0	0
dce9757753392d013b82f1f2cf10d4be	0	9	0
188b07e2aed03b1c3f2b3a510b94ca85	10	0	0
69e17e5ec4674540e2539eb5db042229	33	66	72
e3b096f22248bcc019a38896f15d2da5	35	0	0
bd8c256632d54573231e27266205af1b	0	52	0
8440e92566510861d1c3f532406d3393	14	23	0
96f3d5b5be8fa60bb6444ae7aab4bc96	0	38	0
a40529b1cc5c753afce3a4cf9a1267b3	16	0	0
ee1a696149d8fc9012ae249a705b951f	19	46	70
d833bc7f930dc869cfc1fd46795861e0	0	39	0
4254d0756c46f28babbae359ee7177c9	47	83	88
3cbba1d1b04835c640ba13127e892431	0	0	19
e67cada393697a42b094bea57c4790ba	14	23	0
91878d7c16811333ee5db6102c3be33e	0	38	48
5461cbec86382de4f99ac81bfd6293cb	38	52	35
b963f284211ddb47a84907016404530d	39	42	0
65367bba4177243dcf974509bfe61cff	6	0	0
7296430511816eba28a360cc4021699d	20	0	0
35845519e75ee6d9432c24a8975e4dbc	0	0	14
7e71d3996010a93a50961247b0d28844	0	0	26
760b84dc243afd9a6dfe98573c66c9cf	95	154	121
d4c7c94d6fc7acda222e35a50af236a8	37	42	49
d9104cf3e9f8711a1d543a78d18600fb	43	52	56
c6e9c9fe9159441c4ffe44947875236a	29	0	46
908e39d38154e02ea650800b2b50d253	0	71	33
91848e8e6fd1003f5503e1eb38db87fa	47	53	62
61453727aca392626480264d262306c6	0	0	31
aed191bac0b1c3264208a084af848bed	35	0	38
aa29557b892998ade94086289aac8db4	27	23	0
ba7c460bf2d0ff592fc2a6f198046b7b	43	66	72
c9de210c5a513e7749d7e67ce403d19a	0	33	0
f68e565c2707a5786c61ac725e77b50f	28	49	34
fc7b257064027e1bc2b6fbfb4584677d	0	78	0
dab1160ee7a4ecf9945086ff09f99528	87	46	76
be95196bbfd926e23670cc250d548e08	57	71	62
b909a92ff7714e3dcc0db59c280a7ac9	62	0	52
8012da7c810e58147175f741af2a78d2	15	0	66
274f5d8b66ac706d64974fbd87b2c5c6	0	11	13
544ad0fe7ff864b6f888b8cde90ed6cc	25	0	46
5b9df46d455679e14a72b37becd9b0ee	0	0	86
0a5a25f4502f341173aba7e91dd1a35a	0	37	0
7de8357661e8182771db98b376924183	71	0	0
18971657bcc83b08f4170e62bc385c41	0	16	0
768ff790029528f59a65d20998f9f578	0	0	40
a30f212b0b80a8de34d952b50ba93f8e	0	85	0
679ebeebd9eb54c751dae264aa39742c	0	0	53
15ea62391b1895eb8f34a2f892338dbd	0	34	0
662d31a0dfcfa620acda7fac8b0ec911	39	32	71
0eabc682891ef94386979209e69c5d15	0	0	8
2e9577704b04f1df657a3bceaac8e7f3	12	0	0
53c8f21306a12d6f30a53416a44b5aa7	58	43	0
f240b92f2ba24b422cbd20be1b541462	11	0	0
31b89aa95438c5b57aee9ab38ccc7ca8	0	0	29
897e0ed8fd3bca125d12b9066a959bda	24	0	0
41267fc33d4916b524af6a6a8a2d7345	0	0	63
628154210d3c99420879783058ea77f5	59	0	30
7af6ae689696e9ea838fbb88ee9afb78	20	0	41
4da1ab0190b065b4136bce78f2a475b7	223	270	250
0ea93d4c0bfc0ee81d83790e06503050	26	44	47
adfb67f460d65aa8614bed0880411c61	15	15	15
acc9603a819dc23a606ac6c1b9105b6d	88	85	49
72541c4aba5e8eb7b2b428d8df194cc8	0	22	15
10af29c0fe1b7431dcb0cabb9a5acf3a	0	0	139
f3da62ac5642365a887f4051dbd0829e	25	0	0
4855ee3548a9e01dceb4b62d432a5c88	0	77	0
af0920f18ebb7f58a083ef3ebc43a9e6	0	25	0
8f39781f969d8364cac669bd142e5485	0	43	0
324cd1cf1bfd1c3a19ce902610c8c1d0	0	30	0
a2f21cd05cbf503426f5e24ab1aa0d65	28	28	46
f97c5ddfd4d0b1612653dcae6b503fb9	0	0	10
cbcbcaa46200b50cdb8511ac4f648869	0	0	20
8881817d91d6655391381f3284a254e8	0	0	6
00f37069d13c7163c6b1f5c5b195b8de	29	0	0
1bdb740bd5a9be6edda2b1ab8235ad4d	0	0	34
843380d2a27182c581fc85a7cc4ad035	0	0	18
0eddb9e7badfe09f759c282fb19626d9	0	0	26
10c5d39d62e9ac1f325e79af48efc1b1	0	63	0
eb7739b28ef708339447f38e88f42687	0	18	17
5dead366267b454d804cf8a35d290d74	15	0	0
2692b51dc69b7a25255e60c4e6b8d269	17	21	25
e5584a38336b44ee9c9c098a6a7864a2	89	183	156
87d1b1bad46c39ae37b8910caafd7e70	0	0	24
68bc51b4ca47cc5a985dd37b46bffdc7	0	0	7
cc2e2b574d11c980e9f5f4a8d5a557b3	0	0	17
d36957a0d3172d2e5612266f417bbed6	0	0	15
7c0feff6b24f4cca26341d6ae63d9a6c	0	36	41
ba80298023386286f71f3c1bfa75ed8a	0	62	100
535ae69c75b0455650c45d63c9f9081c	0	0	7
260081b2111589f6fbd9214b86a3001c	0	0	51
86ebdcf0c17daf5f3b0ae991dee2283d	0	0	40
f8b8173289056f3442317b4669562a60	22	0	0
d1f2806b138340176469a09dcc25ab94	0	87	89
ac3860e73af4aeb3e8da594f1acbb8ed	0	35	0
8d19170201828f1ae77a452a84fdb71c	0	14	0
bb437332f8e8cbbcfebf1240d429051f	43	25	0
28cb105c1f8dcca50f37d51bcd439e75	0	0	27
731d9d7f7bce53a7dd5d190aabdedb5d	23	10	0
5538083ec6f22a468dc7f2daad10a13f	0	0	13
212cd40f4f523081dfd5530e82fc9849	0	12	0
5941ea92d0518fc7f36d1994a75ca252	0	0	20
ffebe64cbd1a0d7de3828baf495bf433	0	29	39
821eed576f621b5d223948afd8ffca39	18	0	17
f48cbba2fe7a2cba3df1c5bcffc1fa83	16	38	13
7f95f9b13572c644ced4cef5d29bbdd5	17	66	47
3621bb0fbc4f5065b72a37b1b9e72e23	0	63	0
dbc02c8c00bcfec46438711f98f50dce	95	117	71
91c134529ed01813fc5c02979c38dda4	0	17	0
a19aae1a406e164115e254745423e173	0	0	18
a79df03c29d5421b97a241db52f4f4ab	0	18	0
0df25bc45c2e8abaed0cc1a44396e13f	27	53	33
c64544d338bb4e9c1d9f1829d3ce267d	0	18	0
c144e82d838ae732186360aa1ce8ccd7	0	0	44
b8d7f54e70496c9488e9a68c1758cb89	25	35	23
e9b51fa66365718d5a8a06eb0c480099	0	10	0
8373b5033a641e1854dd76b40ff8a950	0	0	8
e34278624f8555596c7c17288fc1c35d	11	24	18
b343bd036ac1f56286cc27a6a4a6c333	0	35	0
0deb2dd0990f1f8c24947a3eb384c73b	0	0	58
1d01d917424409a56f7b3c2e1558cefc	0	27	0
2aad3d6ccae98ac3481b6177a6fde4bb	21	64	53
2554d21993544f2f64022242c3cf738d	0	16	0
3c32cd82e753ba0fe5f604ecacab56dc	0	31	0
b2231df03b4e173ec9da889a2406dee0	0	0	72
eb94c8c45dd1111ff0036183deaf24c6	0	18	16
5ed40b6e9c47f0f73e881a41deb1d578	0	0	15
fab3510356070390bce8ea3570c6cb07	0	103	55
03582786d3c5fb41562d9826a5981b66	0	18	22
d111a370c316566f2e7d3476e7854f39	0	8	0
679ced5991a7ee855072492ed56b7846	4	0	0
cdef6f651fbaee3cd224b9f48489807a	0	2	0
066c7e7807723a19cd89b22622189961	20	0	0
0af2aee8c0040db1b011087cf18f51cc	0	9	19
fa9df3334ff0b289bb1bd88673cce0fc	0	25	0
0d989d155d117292c5198a2ac218a97f	17	0	14
7eaf7222005527266d37520afaaefdfd	0	4	0
0c5f3cab7a3df017cab528285f0cff7b	55	58	42
933a5c2e71af312a3230d83dff66f9e4	33	29	73
4210aa5cb22f410b33da4c109bdd814f	0	26	0
dd0e105ceac38ff3f467b3cdd2746f81	43	0	0
57a7fb5cf57ce47f86378a585457322f	0	0	14
86816e0d54976e01f3e4712d55be04d2	0	7	11
e677be88f519f8f075352c43c8dcbb0d	0	13	0
b9e19b93581753ea4f175987d9958fc7	25	0	0
e9ac80b3b7f2f0cfe652a21e1250ed62	0	8	0
52335f052a96b3251198555fd6851c53	14	0	0
d22d95532882baf929b8c9059ef4b540	0	16	19
bfcf1d3746a5339f0c0010233a117b66	22	14	35
c32143ed067035738c5dbeb283a83790	45	0	33
07dcf8e5e04bcf2ee40da5d5fa114dfd	5	0	0
d6b73477687a9b2f64b4dc6ad4ff0d78	0	0	10
22a2551b556aa1fc1d196c6a9a7ab0da	0	9	0
40e04db9b053a7916dec5dfc72902997	29	22	0
a6857be4c4419bf8f0b444394341b4d5	0	0	26
307adbc6fb5b3d726247ca994176ae0e	0	18	27
fe5665d34933a6c66978e19e631203c1	13	0	0
b308727c33ea1bfd9567d50f8e68d96c	0	0	47
1cabf0253a2fcb41051347659dc3a0e7	41	56	0
6dfd9ec91a19030d94f77076dad070f0	7	0	9
f62c6c25f6c080509b731191a9c95025	0	0	22
2b6208de5488da0b68e99dc08eabd1c4	6	0	11
e425af763c55cb420f9017d80ff96ebd	18	9	0
992f9574ce0e59956d734b5bd1ef81ab	21	29	0
7c7785d0fc459bff976a120f12cd3e3d	0	0	30
4f9259c3722dcb3d82e8451464a3d60a	0	0	17
720990c68d5dbc19c78967fde65f1f05	0	0	47
fa20c918e0f9b653d6b42d75dad67d4e	0	21	0
ede15fb563222a59b54464ff3857badb	0	11	0
c34b39d92e12b9be51da54f1640b011b	0	11	17
2f5f40b37958b96510681868b36ec7ae	23	46	43
2dbc1777a3d602a5d81f1a8df3da37f7	19	0	0
359630ea9f85e714da09b7f1f3ff8638	0	45	0
a0c0585d05222fc90804b5ef26e64aee	53	57	43
003682fe953feae63dfddc3c1f894f5a	8	0	0
e4d9699729e0e056a0c772efc6dd6005	0	30	0
2a384163b6858d07e4a1bd363ed6606d	28	0	0
01483eddd42227f25d6b49dd27c70ab9	0	0	32
a49ebaa948e108ae98f03541a85f2d9d	0	18	0
0d9a7922fa6e8819b01e63b3e6266755	0	100	23
e16693b2c6caa351e25ed547e5d5f2d0	16	0	0
892663cbee429bdf4825f9546a06f133	0	50	28
eeeb1b6665e726237630fc52ed6c3b15	0	20	0
db95924374a09d7655fbe2dca4d6646c	0	0	15
c023f38c1dc78d6aafe592f75e65ab50	32	42	40
57935cb84196f858a3a6e4132c4e174e	0	13	0
01d647b5c414e0237177fecf6a30bed3	20	0	19
ad5ec63651d886aa5da8349d80c8b824	0	29	0
4fe96cf02599e270859057b6b8e6acd9	47	0	26
b76088826f5362083b6e359c84ae8aef	0	29	0
0dd0fec475da5871429bcfc98caac0ef	0	29	33
e7b931c40ad2e2b7a8b2d5f5b207b8b9	0	67	47
3bb8ff9e317fa4698b659524f5f03cd5	26	0	0
72b32f0f6696b624d55b701bb7ca4e37	0	18	18
2e4a2e5ad75f2d321aadefddacb2fca7	28	0	71
0ea5486539a5cedeb034abe05aea5e69	34	69	53
75598494fec53e9a95cc421a6f724e3e	29	29	78
78494d19a41545d6fd876bc283cdcbaa	0	17	19
36b6bd886ed570abbc35595e2d2d6231	38	58	43
84094bbff64ac05ef1f0e3c0341edc47	83	88	90
49c709ea2cc429ee722f8d04cd5c8779	0	16	0
0058afbfe3c55e2a4bdb90de7cc15fd5	0	12	0
93d00b2474ea5ccdb9843b8725a97a5f	0	10	0
fdabde58fbbaecbb5a42f4bc9aa88f93	0	0	33
d4dd1a543f164e39cff575ccdabf4e46	0	15	0
13a93498ccf47d76b54cbe0beef63fb9	0	17	0
e9181eebfd7c1d1aca7e2bc23a61751f	8	0	0
09aef7f63dfb9ce6ce5a8fc236729041	0	0	10
bad02fb4b97f30182ffe6e934f54ad5f	40	50	33
9fceb74781d2ee3a40b911c230aaf208	17	0	0
a4b18a5e9d4b86c1cd4a5b89a658ba14	0	8	0
e71e87b3dfcef199399c224b77096aff	0	18	0
f86474efc99276bfe82593fd5ed947fa	0	0	30
cf08410c02d1074d87aac17d006b0c4c	11	0	0
56ef8570a3648d8f049a2e99525113a7	0	0	13
6635715a0a030b664385d9262de98482	17	0	30
f09436988ad459cac4c7aa4d87df338f	0	18	0
c8e5e76dc180872e63699c4e3ee7a57f	0	5	0
a8c56ed87d820e83b9156a2e6638bc1f	0	13	18
cef91809ffcf73f85863f1c2a4a2b3ab	0	0	28
27c409e2781ff8570be126f8ba463f08	0	0	15
77528e8e3ba134308f68ec6e4c024f94	0	17	14
80ca5d508ad18edb120ae81ee374162b	0	9	0
1d029086ac7a96c063abfa35e80c06ff	24	27	0
bda133be180f14b04d4cba299b0ff818	0	77	65
03c966ed2f81867187f65e5e66ba3c44	48	0	0
65fcec544e64a821bd614ec46825c0d4	0	55	0
ee2f1835f8236762e7ebd68cb2c50896	57	51	51
f76dd8eefb4b16277d8f26a581fc14e5	0	8	10
7c7191374a1a1c88f691e11167ca8457	0	0	17
d15bc449222795a9ff230013aa633686	0	0	18
b0e2901a3144577502094e1a45b83b8e	0	0	15
cefd32605f7f46944a1d407cde3a5b3b	10	9	0
854df88685cdb1b2e9984700c7cd3d82	0	2	0
2983074b862d1857e3e44e41db43ad82	2	0	0
22d55b8cc194002cd95f5329e48493ad	0	17	0
a1cb31d287e0e009ca36bdd2fc6940ce	0	0	11
b12180b5113d278a132d015dbbe5c83c	0	0	4
652a42d66c7065a2b7d7a1c6a0ff53ba	0	3	0
ece8071f8c4a80568d7515f76469d405	3	0	0
4027cd448999064a89753d52054cef1b	6	0	0
4956a6ed0895cbd919d7a10da44d3031	0	25	0
bdeed64a66fe10f577b6ee6466056bdf	15	0	0
750669bb22c5e6f1d6a55d08f62c8396	0	0	6
9b9bf572e62bed8bfb693dd100d7e574	0	0	2
c9c058771d78e943f4de8a0eae0919f1	0	0	3
d02da197fe3ab7f86a89cb06ac4337f3	0	3	0
e6d62deae6accae9fb8a9960210c632a	0	2	0
ca8605ad787d41a7701bdc8f74dad291	0	0	2
0b71ee9b3cc021b4343359c555454404	0	0	3
ee2e5d5c09cd2ccf7373e907566e7ed4	0	0	3
705963dbb6739b9cd0c87256c2e3f05d	0	0	5
a722c8e502e58651af2c9574d9792186	0	0	2
86db14a1a6eb92e880e6a28329ae79d1	0	0	12
e74d73183503d8301375f1aa3fd54183	0	2	0
73e1ce1af7c002d9c0d2f02e839c67ec	0	0	3
02fc740f45e8ad17b38303e06675de88	0	5	0
83233b11607e6ceeca0bb04473bdb798	0	0	9
67a94db6be9005b8e7010d39f9e93027	0	0	2
0e2d2c627aba6ddaaff91e213af3ec5d	7	0	0
80a9d0d3c4ccf053dcfe705d3141fd3f	0	0	11
2fbc0a589d83e96850764b695a8d9dac	4	0	0
a93c4edf113672f0dbf92db8b62e970f	0	0	17
ca759a8abdf79134ed674015ca386ea5	0	0	6
929099ac4045ab28e54fb2e903381ea2	0	0	4
e41cad71bc63a787682153e3f98a2c1f	0	0	30
0ff156da645b508cefe077bd7623fc06	0	12	0
914d54ed43425c8a0a75bbedefbef8a4	15	7	0
6f009d39b5b2d0e9bfe7167da40971fc	0	0	26
98cc08869900aefe97d700c438fa9c1a	0	7	0
1d1c5dc7ceb3a997250e0069bec7fc20	0	0	2
d24825a548a86ce507c5f91f87aeecc9	0	0	40
9d04da068e09231337dec359157ad058	0	0	17
8c193ec656089422ad0df827ee6cf5a5	0	0	11
f80a47ee7e774b87adcdce61248bd86b	12	8	0
4ae912062f5801ebe94f08b607567759	2	0	0
aca6fa8de4c20003b38311dcb4e6a988	0	0	5
2f1ac8eb334715ed8d94890bcd151ea9	0	4	0
b499e56c99680c90af41e5aa7df7eb2e	0	0	3
c0607c3a22a747b13970e7844ea09c7c	14	0	0
b5ed17046fd53b385bb5525feec56364	0	0	3
bbf493e79693ceb05c5365dea706cebb	5	0	0
d846cfadccaa7dad5c846246367af82c	0	4	0
a383a99ef2e5006c943afc9c56463f2e	0	3	0
af4ef96ff32ce4b0a0ac0ef61e7e8ff4	14	0	0
60ca0ed1afd56cc83abc990c62373738	0	18	0
04d6cf94d50e33cc484e10fa6817874e	14	0	0
e1896c909e864087b70658c87d2499b0	0	16	0
e55ef9de51c9c7a2ef0ef57d03ca3bf9	0	0	2
dd96f884741bef82a9146cdd01f6c49c	37	54	49
b3c3ad37a637c3ab5c9e4568270615b7	0	12	0
6187dce460402a8d8434f8b91ffef847	0	13	0
2ea43259fa8ca1244603150f428f1bd4	28	22	45
1fbcec77b2a1fbed010adda923629283	5	3	0
d6c44bb196dcf3d1dba22bbb9bb6d5b1	0	0	9
c9bd50ba52571b297db83c1a26d3e505	0	12	0
4d5744834e2df5a0c0480967e4541ebc	15	0	0
540e46e1353ba5a9a8ca78aaa2aade48	0	36	0
6661ac6bc146e2d9770d4755704787cb	22	0	0
bf5e999dd56072c7622bd639e0d8721d	21	30	0
deedebdbc9a4c2cffb19f8f7566cbad6	0	45	0
68a30390c8b32234e8b5807a39fbd507	40	0	27
6457147d962b354e888031f8d7abe41e	9	0	0
54311577cdb92cb7c122ad2aed3f84b2	0	88	0
20928cceb9fe86118453db1e89b48015	75	0	0
d6dd5e4a9504339f81d7f7936f3a2577	62	109	93
f640bfef23cdfa1b60cebb177d2156f2	50	82	78
0c7b75462f425181681816a4a7addd76	0	0	99
9ef3321ad20cadc72156cab66b72a316	65	83	0
c380765df6f3adf10c2513c730b9b6e0	0	20	28
5c2e84c87c6ae5d88b16ab517ecd3437	0	0	8
c9d0cd456039fd88156ec99057640601	44	33	0
180576f5ae6f4e549ccff7f9a8a239b2	149	181	148
9f81dafcbf348e919e8f901f0653c13c	53	76	61
e121f8178a22d1fba3fd2de9530b5a00	30	49	38
50fbefe2629a6d0309ad504b93881ae0	0	73	56
a23712969c33feb2b52ef9a7f77c2250	0	29	0
e943c4815b85cdee618681dc8c66ffe3	35	0	0
0464188ed64b11754237779e22513f0c	0	19	0
3f6834e08498f90a03b9ac77ecb06eb5	0	111	103
e61e74fc5665ec7f32979a64b60a4e27	56	59	80
671859cf9ae1acf4f1f5b52add154570	0	12	0
313c6833aa93a21ef4fbbf0e817a7e29	0	8	0
b4d220665fa2b9fa08d1d105ea83e48f	0	0	29
983f1ee2afbac74809e58a2b50e9f831	0	39	0
90f896e521de2b7ae3007ab2794f489b	45	35	52
b6bf578f5d8e71db9593ec2b00ce3515	0	22	18
9638a974c87644ad375a2231c88017ab	0	25	0
56007e7a98cf81eb70af42808e67d4b4	57	30	35
f3409b57f332d5cc3bed5861d1f9ed60	0	0	26
aa92040be8ae910d548f5164c29fde28	0	0	16
02db9d7d4e0cc3ebcbf663326690d489	0	0	52
57e8bb9f02bec4ce31758f691c191423	0	10	0
a1fa598a4fc72328ff46fa8d7d59d1c8	0	0	5
d8c262616739b0922d0c21686f415ef6	0	10	0
874c3ae73db5213a12e47e78f65d0667	13	20	0
e8a8fa0a774da1dee8da7c22c292c2cc	32	36	0
45d42b4551e4063f2385c6fa4f0e0f70	14	0	13
409bfc9565a00991069cc80e98a6d50a	0	7	0
5fc7591e988dacde49b31a9405d60e65	0	0	23
e8930ef32f82bdc9cc1f4d4a4729e803	0	26	0
d4710284f1e63a572e846736a7c92abc	0	0	8
9164355ec8a4fb42b24eeff8d89f944d	0	5	0
6e7ca85218c839d36147c5a9d800c497	0	2	0
6b4bb431395a264633bb5116135e0c85	0	0	2
0015f5eb2052def25cd1bbad332fa1a1	0	22	0
8afc3ba1b3009d36786194e334855727	0	0	16
f88edfe6421621259efccb93cbf62f61	0	0	41
09b3ae637e15bbfc9f967f2628d0c1e5	0	21	0
6e0c7cbb93395bca9034a8737cbfd6f2	30	23	0
fde53b79cfbcc664e3b941f144740dd8	0	3	0
22f7b2e1a68091435022d2c227244ae9	0	0	43
a2a7d8642509a7ce404ce256302c9f96	0	2	0
fa4489de8fade57042ce421cfea43ab0	0	7	0
8e80336296f539b533b0c34234d76639	0	10	14
7119dd72c9f83fcd6475fc9b519c8d16	0	3	0
728704300ffd5e416158f255afe35454	0	2	0
d8b4a2a558578d632268b2ca9e6e743a	0	16	0
7592edc7e8db405ebb2f12c67e2029b0	16	16	0
155fe4342ea4c90be279177c0c3740ed	7	0	0
8debd9d002591888ad18b822aadf787d	0	4	0
9205a6d11521b2d194d923a620cc78d0	0	10	11
33971a5f31da661c208d2ee9aa9e5769	0	9	0
6990f2c41341d722a210f8ddc78a2d22	0	13	0
007a1447ee0bdf75fe698b84a77f5934	0	0	16
169ea28897f3cfd2a6913668d6d76818	0	0	15
44e4b0e91c56013b45ab5ebd86deadcb	16	0	0
85388b0ba093eac129fc6c472583f08f	25	24	29
874c8c7f4cf7301fd754c4553ea9b806	0	15	0
3bfdbc15db1829a9835cb93ef1d2e1bc	0	0	43
5a86a129c921d0b96f1d5cff7521d91c	0	10	0
b0441f8fadf1b094c8de938d6b109b6d	0	0	26
092db9c92f527e5cf55e9f104ecce9c7	77	85	71
22f6629c5356d256361fc1aec34a2b71	0	0	19
85bab0fc51674b058af819456e96d0f2	28	0	22
efabb9fc719a210b1ecb1bf110742684	258	0	9
65a5078fc6fe5e853b4013819a1b4bf2	0	33	0
9becf1ae2484f02996196cafdb0b171e	23	0	29
9fede133bf98b79800ea05c7313fad51	14	0	21
337523447a74feaf02554aca3052566f	13	0	0
6de25a04f485a3a35111c68d95fafec6	0	0	16
b3aad3848168996c95ca91098e786a23	0	15	0
e8e7737a5d790fb926bf2eebb33f55a2	7	0	0
843cfc1520a05f6195eab6d44dac2959	0	2	0
fdac27d46c556e204a07bab7eace3ad1	0	3	0
5e0ea9e6f62a06d5de6c9b3b7384ee10	0	21	0
a68854d6be831ed4f69ea0bd053d46aa	0	0	31
783eeb7a3862680227a26aa8948caf60	0	36	0
6a712e7e9cd86748e4c7920709851d73	24	0	0
09368e2692dbe28dddad2a0c8eb22691	8	0	0
3596585376ce12625e53b3d8b38e26cf	0	0	20
41b6f8941d46b48cba1a61b1b7f2760a	0	0	3
1c551d822e327920d23a2de129706841	6	0	0
e6f90043aa7eeea9c29e2ede6e7729e9	0	51	0
b054d277b9f9a8791bbbe0f356166c3f	0	19	0
3f2be21b85545072b2364e4a2273814a	34	0	40
07baa929369bcb202a3b6ab69ad46790	0	31	0
880047e8e9cfcc8e49aa8456c32b99ca	0	2	0
4d58ebc4e48663dc29133e4ef081d938	0	22	0
30f9b2a0467ca25673a4be290f274842	0	0	19
db1cc25ed047c2cb00f52188a4465ad3	25	0	0
46b1980eca6f42d65a48653a343d3d51	0	2	0
214c7fb09c23623723cf0f7b5d8ebf88	0	0	10
11cbfd2a4163315d40fd3a2a70044885	0	23	0
23e7bb98a13540861c409331c4052a67	0	22	0
1ee3d4f51f062e5fb781750a4dade781	0	0	14
287a2e5fa9f125510b4a438570b2ad81	18	19	0
a4340ea3c5f3c7ca43a961b103801fe1	3	0	0
fb5622dfb19787f066424df80b7cb8e4	143	130	111
a3ee2a5054529312cbaaa8667ec4e673	38	45	42
a00b8c8765e3b0cc1aa2bfdffa8e13b9	0	20	14
fac5a6074067436b79e49c0a86a84fdc	84	84	114
8aa17c80e429f22b4c9e2714f5508354	24	46	35
dffd94e6cd6b0ac5441898e61e78ad56	27	0	13
6f74c7e02426e7520349bc77f3db4cb8	0	20	12
a0b84d1e743c5c63fa472ebb0e5f920e	49	0	0
c5cdde99a004dfa44525450bc692b2e2	0	0	35
0c769ae5a5f5385b06fd00039a641169	0	16	11
4f35a37db392ff6912dd26cb870b883e	0	0	8
2c8f8780b1e94b7521193d8afa0d8c64	0	21	0
24b5fba18eda1ec302fb30acc2f2bd40	0	31	0
7e1b326a4f20df6b4516c48b516399e3	0	0	51
b75ee709949995ec8c2b8d97349ec842	20	25	28
144219c116709e4ef15cef5c4cdb1f67	0	22	24
f761c7378a05a210abe4b6e2089b3ce0	0	0	14
13a8904a239cc292ec30dbe3f834daa5	0	18	0
8e9e9e37fbc17d90503ff0c1756b5f00	15	0	0
768b643d6bb2ab8f2ce0a33671cee8ef	15	34	23
4fc2957a6b69fa7dbfdd0c9f8620a5ac	0	24	41
eb222c28f4d953bb02ad4337b89048a2	35	0	0
f0e4bedc7067e6db4ac79edc24e86dcd	0	9	0
45812368001ce6169b86895061478a19	0	0	19
80b8dade634056b7635b8a7ebd8a2f99	0	3	0
c96ddc2e4c6bf793cd7183ea34a2542f	0	0	7
baf3dce6ed135294fbd8a804f46824df	0	4	0
56497296ec11a02666cba826f897b499	0	0	3
e85456df8fbfb65d2cbbfba11224e06e	0	0	23
91b5d9ec5a7abeb0baddba824abc3aa9	4	0	0
953558fe3a22da1adb4eab2368129f09	0	0	10
a4ccc87e3aa7883123605086820ec5a4	0	6	0
023638aff44a1815d3c8b9463bf89658	0	0	11
07cb77503c69f4324461d38a9d8760b1	0	11	0
a27935588fa80b6589db25bf39f2dbc1	0	0	12
e0106d3bf469ab1a5c14b778dece056e	0	0	2
861c9c759f3d1629aeec011a61c5e17f	3	0	0
6f1bf83ffd9bb13551b0e80017c45fe5	0	3	0
e5af6e4a64131cb732ee729f9dd54208	2	0	0
217d558b75059b8d66728d0850e837b0	34	0	0
f5951885abe8db1caa2024aa108e8205	0	0	36
40758f9465f3b9b79ed5324d6d323177	0	4	0
d0a4c9fb6a4d41494457fcc55aadabfb	0	0	3
b354856b589cab3b9fb44b049f1e98ae	0	0	3
7cd92e27fc8a744926f2edf324a294ee	0	0	6
7b09b9f34ade580935614442192f6dad	0	7	0
b072d941e9760e0f31dabea3f54dabb4	56	112	37
ad9e0017fee8f1eaaf3c142b2c9fa459	36	49	24
88982474cbfea65ca5bbcaae3415f4dd	0	25	0
c51ed20879cc5e596c322400a3094a63	11	16	0
1f75aa4e996dbd70b17b61999c4ac307	0	31	0
d74dc3bd072ca46ffe6240601aa8e0a9	19	26	17
5009dd39373c7f4120f9846c42ad42ad	0	0	23
fd1ee2893d169c885e48f44cdc97af0a	0	15	0
2d16d001e21717f960cf771ae879b1dd	37	70	0
fd5bf8f060adf0a2c74e6b57eede47f9	0	12	22
f74776d6d1459de9643827e61cd74ff1	0	32	0
df14ed79583b7b54bd7c109a02e8dace	0	45	0
6ea3ff3bc02e4e52bc2ed8f01ff74a2a	26	81	52
c8a7b9755ebb29d2de06d45e1beda216	19	0	0
0c3880e357c65ce815e6ee40a1943f26	43	50	80
6b72f788efab3070a3a5851029a75435	33	0	31
0f372d33b140e0f06111fc9b6f107072	0	24	0
99d5712f7b5b20171e7046d1d1186331	13	14	13
80f6c62af8a91fce6b60c53a999bdd7d	0	18	0
e3458fdd7b4f8de8adcfcf2ddc688d61	0	37	52
20b2a1cd685acf58314fb59252a14448	106	140	125
154485e5a0e47ba32ebf4405c7984bce	0	20	0
7bb1cdd2f0b73f6a689f67589f53fd25	24	46	46
7fe6606a2cefec3349eee73068b17ace	0	18	15
08e95f8aadda45f7fa04b997b0579b10	47	24	0
cd0834e5904b5d30f475bfc21f98a35e	0	0	11
2ea29efe6c75478e3b2c437686ae29ae	0	0	11
42b8cd70d19a5bd74e12a8921a32da1f	0	20	0
338ab5cddef010daef192d34c761f0f8	0	0	29
2b025b99d1d087889447229521cb3cb8	0	28	19
5c920a258402854e9b6e0e26245f20b6	24	49	36
077ce575f48e3b8edd208490e89fb400	0	22	13
b5fc91de5fe1400b76651f0d4ab1d2a9	0	22	0
3c75727cd7744436774baa95a082cbca	0	0	20
00d4306620fb956f4cb8ea6616da13a3	71	97	58
130cad23d389b49086a8650a532c8a6b	44	49	31
4983a867e90909e51e7089466f61eed8	12	54	38
51addd5168fa484bfe1741cf399eff92	0	17	0
771baeb8689f4177c9a55bca817664b1	0	0	19
a9164d01308501b576afa06256a15b0f	0	32	0
88033d2c57ddcad8c7c63ac43fc45fb2	0	25	0
96025ea09d3b792eaac86c539f6b3992	22	0	0
6554fb015b6924eb6223fdac70f2ad1c	24	38	0
39c70e6ff0b47273b50c3be788dab6e5	0	26	0
425a0290c177accbde0058ad89be7bbe	5	8	0
6007dccde2cc8c4d8e63b11d9e6ccec9	57	76	104
9549232abaed81ba64a245b360e8afb5	47	50	44
2404a99f94ffdbbdb5cbb609aec724ed	0	21	26
561ca9482860ac8ba0531e4826a57c35	0	20	0
88d7ae764c6b8f5175a4ab377151ff84	0	0	4
f4089dbf9f29b31de4628aca91af0ebe	60	70	58
87a249524d784ebc7cc36cec03a6c567	36	58	39
eb0c1770f8003ef04e74ce5daed81b65	0	28	15
5c3eb61b8f54e773facb1100b0000188	0	52	54
445b7a3cef8fc48b8e273ac8b3c3d966	0	16	0
684230a86eeb088c52a2b4c6ce8e4761	0	27	36
6fcf9f26681cc6a107841fc38c1964e8	0	53	46
c47007fac1c2b6fa6c392b8798c4a03a	0	15	0
8f90932836eec8eb89164f265ebd63f5	0	36	44
90d67df7427cd6257a1e2fa1e9d4a153	0	18	0
2fac845da336657d55f1a9f350c6bc09	49	78	89
bf3a1a4c1b84ea31505d1050de6beab1	48	87	101
41b024826cbf8203352777d695f524d5	54	79	80
1c2b8892a0d7f828d72808cd01cfd199	37	73	48
90a4bc64b3a7bf894e716ac1fdf27b04	21	0	0
49475e5df8f588d4c507467118a28dc8	0	0	86
e4821ce8a3639f5a0c4f587bd5d39da4	0	27	0
31f27558c0eb3d86cd0a1e87d2244614	0	0	25
00f22fe0aa7d9b976a6a884f493a1b75	93	71	0
ea4380d7bbfa82db66fe91ac7df13186	0	107	105
90aca794c7e30b8a77e87f13ffc9a5cc	0	120	0
8bf92f32d288b58710c6da58d9c51fd7	0	63	0
1a56ad3ec2b87cfbeaba8976be08b4b9	0	0	61
7f89ca147d9dfb50780c63b0bab6c3bd	0	20	0
99b46c6d67490619e1451432c9f3c026	0	27	0
466cdff6005dcc2faeaa225f5048174a	73	57	0
cf4ff0f02713827e8a49d70082ea998b	4	0	0
c63a29416a7eabd7ff67a49489118771	0	33	28
320190f9ae6df4d81ffabd43c3f0ddf2	0	0	14
836d43a2ff8c6ae378553d85bfb5f4e4	0	7	0
8af8cda621685ff396740327176f8eb5	0	28	0
3a7bcfd3dd1c23c2efae4b6b3fcd36a3	111	143	166
d829bee4984f82ffc2453212157caf96	73	125	166
7248b9bd77f755f006d7e1d346397ad7	0	42	0
6e53f86c407030dd327093345115526e	0	21	0
8b478ab845ab42a5bfef6d1d9f00b67e	29	44	39
e09f97d9f9240a8db6364dea88fcd7cd	147	158	178
9ffeedb528881480eb4ad6cc5b664492	180	216	252
efd92bb0006f08daf4f1506240effc39	29	46	40
b8c25739b60d6ee3ce195b9ae2d55f9b	21	30	18
e7ddf233bed17461088aae76cddd444e	0	15	0
4842e7250823f331744852bee57d67a7	58	93	38
ca04af74472ae45465b2bf15ccf076ce	72	139	98
51b9a2e379c2555a3774ef13e9aac08d	0	30	26
22b67f584acb0af9cd3c4fd62994b6a1	0	37	0
38a4e71bfa21c8571dfea2d57bcaa43a	0	28	0
7f27e8ac10bc1aa2730cb43ca456b516	23	23	39
64be202248b5bdc7b0df0e9b0a16a6a1	0	20	0
64c7ef15a4f911911702fb63d02a2c3a	49	76	36
2f98cd1d4ed3112ff2bceffb6408476f	0	23	27
6c8cc2251c3c6e963b10c6bd164f17cb	0	24	23
e5b653618e1c0e0608485db584d36b76	14	0	0
a4397d37e18a6c0431d567eb540c58e1	17	0	0
f39fbafdbc6aba623f1e1a7dd409c7fd	76	107	0
d46d56d3d729e1198135de8b3a529222	0	29	27
3bcd53dd16ed587ab1107e84b335a89a	0	92	96
c5a58f80bff6204956852638cd1eb7e2	0	0	11
ddf6201659367ca4eaac9d8c4cc4b692	0	14	0
fa711d95cecf987a21be7071f65288f9	0	12	0
1294963fdce372af7b1e1a920a7bfbf4	0	23	0
53ca06737199ee3678325edb8269c6a0	0	0	40
e9e7e47902c54d35eca8ccb9aa02b9e3	0	0	17
7d1c94fd28c98319f26fb4cc7120ace3	0	6	0
fc7dfd77001ae2cad4d6b150e0100fc2	18	42	17
d48381b3cad4885c55214c79c89adfb6	13	29	0
aa4706ce1980e1bf31bd60cd29f2ff8a	0	16	0
6945d94103ada823c2811f2b81c56ba0	73	86	92
8495a7602793efbeca7e9822804d198a	80	107	59
61e40ff23652975a7b947db110478c39	0	20	0
07d052eb243783c630caed628168d2e2	0	24	0
87a8fd71a415cd183cda7bb9001c6891	0	35	0
9c9edd4faf6b41d3e8aeff39681b1ab7	43	0	17
82da3446fee72da33e005b2dadaf325e	22	16	10
834408b5dea275ad6ac778a97c1414cb	14	26	18
f073df90e41bdd0c9674d8de667f5f32	0	0	31
2ccd394fb424530d985868b0f521eec4	0	56	0
6b429ef304fb15449e1ed1ac1c557326	0	0	5
05af7cc21d40caf736a1bfd367947a55	0	9	0
ff849437b618f33a5754dcf408e03e64	11	0	0
f872d2e53c49c21c6eaa0ca4c752f731	16	22	9
2b77b23bffd478c6e8555ca02f8506a7	0	35	0
8af0c91c086044fa09b7effdd72e1df6	0	14	0
d46d3bcdd4b1aef69133ae1822c8fc2e	0	0	20
6de8fff163b98c8aa71aeec462c52f49	18	0	24
205e9006842d47d1a2d1caf6a96e0c88	0	69	0
606efbdc4ec1a3663837d004dc91ca65	0	0	35
6e1c4e6bb65a9ae6e6ef9e93c6d063f3	0	11	0
ce0344ff7d5d917934ed67afd7533465	15	49	24
04ecfad5772d2e09a84a0f5ef460536c	28	53	24
b4c77c651d562a6586c20cdca3b8d60e	0	16	0
e1728ba60305a2cb12895a34705f7467	7	0	0
0b67c34f3466e9b2552edef52ad5fc26	0	3	0
9cf893da9b2350e8162b23a73e486a17	0	0	9
2aaa5bff495592f5df148ea87d299589	0	0	5
ec2c194d74017a15e904f0bf5f793808	0	4	0
56f766271deb8b8f7cb1a0dc73bc7f96	5	0	0
ddb234ced736aefbc1523bf5fa90aac6	0	0	14
cea2c95cf3b8afee9281d46f08b3bec7	0	8	0
e183288958ae518fab2e6f4796aa7ba3	0	2	0
457d8aa53e3ff8136005f703eac136bc	3	0	0
3ccd3ad2290b11b578627c55477cf2d5	0	9	0
473b9da1c6d008c611eeedf757f83da7	11	0	0
9304bfc144f5b21708d5c56e6ae5d9eb	0	0	2
16d9027dbefbdcd591475a42ae1bd86d	0	6	0
5abe718ba758e5c9f3a525f6e9fd1b12	0	0	7
64c5ed5b4e806dc5c5015a815d52d42c	0	3	0
7502d802292fad0f3d1a2da943985ce3	0	8	0
f7542bc2be1d1c48116bbf406cc38cd5	0	14	0
569c6de76165a5e3900fe185950c11a3	29	51	38
04786d737c0dab525fc91dbdedffecc6	21	50	25
d97b164c61f28ae8bd986235f8e0105a	19	39	19
9fbfedd248ba2e559ad786f4f62eff57	0	0	29
0ef9e83b9021cb375b5bc3a9b6af8671	25	25	0
ec25f235930bb7cc0a8dfdc429667c23	0	0	6
81333ca34235d683da9afa09f5062138	5	0	45
d9f32d2f2b3fb508a6131f1d6b356f6b	0	0	15
6c51baa8c131f9fb9bb8c12bfc404703	0	4	0
cd426c16957706fa364eb8eccd6a1f86	0	7	14
59b5fee87aa2c86fe8e5b69d3d88daa6	0	0	7
175599daf421931bd814f5394e2588bb	0	4	0
f00ca8750ca0d49f87d5115b5a87f166	8	0	0
58332b255a5c5aad902e6c8d7c7446e8	6	0	0
e7a8ddd12d12b7c9dbd711fb1d3718c8	0	2	0
d671d4e2fd998c58dd133f924befd88f	7	0	7
58db5cb10933f29e7669cf75db43c96c	0	0	2
65e05d77ddbe202c3795bc8f576f9233	6	0	0
d1e3e179185253ea638217754c50c714	0	2	0
3530f13f48be478316508aca51e38f5e	7	0	0
a5482f94014cb031e2950296a8e2d7a9	0	0	7
aa513690518d0fc3b64ce7e2700c5467	0	0	19
c38e62ef7ea6eddca19bfd0231a44b75	24	0	0
76f4757daa3473f070ebd777a66fc0fd	0	0	7
231181e7281962077d31bc3f5f171ccf	0	28	0
a22c8a421f79d28f95eab869d35edf46	2	0	0
cd22217ce27ac602c4ae2411d36c7a4e	0	0	6
c9cda5a6c341a9cc99701fc4ac87f2b9	0	0	4
f8fd5f818e32f6ff0801567758bb52ca	0	0	2
0982696e949fd66fa7ba1d31f147b8a1	0	0	14
bf1306db8c5ac07e437278626176b06e	0	7	0
ddc9eebacde9049358180316c3ed14e6	4	0	0
9098a3a121b2fbcd967bc1dcd45796b1	65	80	65
9b1c13dd2afb46e362fbc0ba2ccdcdfe	0	4	0
ee3e4236c91549d5521b788e6c4f8ae0	0	4	0
0186a4c38ae47fa4b6cc434d3697de26	8	17	21
ae1678898301cc36b617cf9d57d264db	13	0	17
edb114398ced5bf958f4f404493a6642	10	6	0
587c338135655f3e8d70e2b4c3970f94	9	0	0
22c9ef0d0731b4667943fa606ef355e7	0	9	0
5c5ce57857225b5b457c732c22ff8cc8	0	0	9
2a4e5d158fcb0d8aebdb9e879f5fdf93	0	13	0
2772e71e9c0b924e236b3d3f47beab70	21	31	16
63d16e8f91a5cd246ceae9777d7a1718	0	0	4
651a032a4d91ca43b13549f6057e0baf	0	0	2
25c9aa2cb09b258e40a2294aed981c09	0	8	0
64bebb93b42d08f37c407f3af3216ff9	0	8	0
5a77ea77d5470578db6aaa232cf00929	42	0	0
ff80624215eae1f1858dfb1225e8794d	0	34	0
af1eff0471fc6384606db4ad3c718bf4	0	28	0
9e009a61a1eaaf8ab02bd92eed63b2e6	14	29	0
7640b666d067bd4807d2d34d1f7c1385	19	0	0
47f2617de53ce85d035fd4d1cc587272	45	73	70
99f3bc0f65bb70137078d30c5ee378cb	7	0	0
1613c58897f957af902799e5d46fc8d0	0	21	17
947e8db9cda730528cf67adcfd4d4233	8	5	0
57ff761be8acec89cc1e365a8471bfa0	75	33	37
a9cd45909971f85729577bd8d95dc927	0	0	18
1ef5eb2d83101223b0fe581e5d40e84e	0	0	9
1d9f54c6801df8b5ed9d62b6612a9009	0	0	19
84878705b2d53b9430efc564d91fe686	36	67	36
4e22f22689f947dcddd489706f8f109f	30	0	0
feae5770637a1abcff5787cd1265e46b	0	17	12
a63480ea2717c799c76687615cc4104e	5	21	14
fac544b0f06ce60725685b484ae81c67	94	61	39
e07719f4be1c88d455837c0779481019	79	109	68
bca83cbd06308f24a2b9ec9af26ed949	0	5	11
7a856290efc6688da9a9d2aafa0b14c6	0	30	43
cc9f542a833ad5ad7e77c6c582cc8722	49	0	0
66b7a65a488b39777e1ed72bf90bb092	19	0	20
6936750d796a9ca7ac83926fa26c6044	0	33	0
fd4a42ab1255141306db19e7eacc382d	0	16	0
cbcc718b54a5d4f76baf4aa2c7ffb097	49	42	37
ac0e0aea93c2b031da181409766c537b	0	14	0
7a39551cea12c23f52038b2372eb48a0	0	0	11
d89e09b087cc12b711d10431416158d8	0	0	6
358af97defef19091f0a5935314e69b6	0	5	0
05020ef1909383dcef8cdc8e2cea89e0	0	0	9
c1571408f060419046564b6ef172641c	6	0	0
9deddee8d54fd8c52870aa3c5a107eed	0	5	9
c0b7be005c6b04fc816032eb9b2e3b21	0	0	2
aedc2772bcfb9a094ab7f78165f7a88e	0	3	0
1dace1ee4ffd22570540753626c08f0b	0	11	0
4fcfe434053e932f99d83b2c48bea73c	0	0	3
cd056f6ece83aeddbe43f1074936331c	0	0	22
2dc0ef2957f4dcc2d047cd1c3ddaec9c	0	0	23
e21bb2b9c7cd678b8dfaa1af8e315eca	0	10	0
7e0860fcdabfa29f621d8f99eef1630c	0	0	12
dfbff6a782824dc0507d4a9bea98181f	0	7	0
b899be5a0112fa5d46fea0ba45e66145	0	0	22
b8a62f594d99788fb6d3328a97a63fb8	0	15	0
493b76e97c31fb4acc93fc87073a441a	0	15	0
a9973ac90ecf780ca6b8811de6b80cde	7	0	14
967c3112b8df55035b00fa95d3cc0b84	0	5	0
bab3613ef098de4ee4b51ba3baddd162	25	0	0
357a94d3265018268cb28cb2e3b7f605	0	0	21
35b6740052e24f0791c620f8c1ac7868	9	10	0
c45e8d57eb1fff2f298aa9d6704b7500	0	8	0
4a3ff938b6b467a3a5d5eefba09aff53	8	17	16
f29a6cbd8ab21cb44dc7a1cfe1b9b4bc	0	0	7
54feab96bde6576f2c168fd7c2aab7bf	0	5	0
009d136febc29338cba56e4d051910b5	0	0	5
c7997e93728de5a6987fc3ad7378735c	0	2	0
a48f3811fc7e075e8f1295ccf32e73f3	13	0	0
bb4ddc8f2d9bcb171981d6d178fae296	0	6	0
eef85a473233f0b562aa22e7f170dd89	18	0	0
74042d92d7a18a30dbdd49d09e4a2a1d	0	0	34
75ea2daf1a41ca52cecdd1e27b663173	12	19	0
52f6326746652d0bc70809ce0be3ecd5	0	21	41
6bbe1e568b8b1d5aa7cb4af151ca721c	19	0	0
356a58773c9a6bfbebc3550e4927bed5	9	0	0
60d5c7b3969aaa17d4a03e652c3f7a6e	0	0	8
97aae991e635516a6bedb8326f1357e4	0	0	19
a3e563f3d04e6ff0a60fb6f21ef757f0	34	0	0
effa0216e84047327134fb9ff4174725	0	0	25
ec2dee2409343423f3f41f539d06e560	10	0	5
d1102843e96eb652aefeeaf02e7e60d8	0	0	13
2b1e95cac5d39becb2c7a6c99727da6e	0	0	16
b057ad137232c949334dd7d71c5a3bbf	0	0	10
d4862a6357e2190e3df1af98b5a399a1	5	0	0
34489da2716a5735d35c7aa3b8b6204c	0	2	0
c2f4dbc2dae0a8f770c9ecae9c3adfe7	0	0	16
8f7959f6f1cb989bee2ace4f252842c4	0	0	8
aad6f94ff218a0dc1628e003b393b616	0	0	5
8b099b3f47757eafaa5f55625e9c39ad	8	0	0
3545d237fe9db9548821f5c991f3ad40	0	7	0
123fdf050fc7e47df3066070bac6bcd5	6	0	0
699c8aec037a1497b1c1b6efa465a1e0	0	0	4
0f3a430046a53c9f71888f77550e4dd3	19	0	0
e5b22c74881f9771ac732cd74e68a473	6	0	0
40bf73c82c82c373f5feee89dd8436cb	0	0	20
38a5cecfc28c794105e90574910cd7d2	11	0	0
3036859dc4a7972281bf602c216cdda5	0	0	13
6f9afb3273185f3489a54fd143229c93	0	3	0
3150d9baba8c14911d11fb702fe68510	0	2	0
a1200c463e57879728cc947c1c54f2b9	7	0	0
6774e1fbd15cb0962438ff1532c9d5d8	3	0	0
994fa2ebfd28f5ee989b6ecbe6986c9f	4	0	0
6844984b31203138294820e0ae808791	0	0	7
38c4d4d8a675313ae6639259f00ff97c	0	0	5
69cb4aeefe635c19b714dffe0c9ca450	39	34	19
4858454a289139a3f33d2bc278e9a6aa	0	17	0
e62f210441dec7a635e06277a855e4b5	47	25	47
bd10f8a0966c3ee57a4f27d9dcc3d703	0	0	2
e0e3fd4a5a1092ef6d96126713f422db	0	7	0
e352928848235ea73d5ba4a4fbe4d748	0	17	0
3d7965e0d9db3dfc7f07a047fd70ded5	0	0	2
78bc153118f7c512f16e1bc4a6204acb	35	33	29
902ce6cb89e7ce6889056736bd9da608	0	0	14
43553ba50e55ed87ee9f0cb747c5f4fd	0	12	0
9d0aa6df307c6ba93b7445c75d5a5d41	0	16	20
ab778ba0aee55dd07c8c7c2aa77aab25	29	36	0
5f4f54dc30f997db085202f4a636a110	0	0	36
8595c62fb4580f847990adbde5fcf341	0	11	0
0bcabe2d3a95cab5502ea99773c9f80e	0	0	7
0f27a594276419bae45461469f4b2b34	0	17	0
c6e92fd3b74b1b65163c5d597b7e1cf9	0	0	2
7922cd5f12af96b10eecf7c1f89110c0	0	2	0
276b9151182116a24f7232e26906a9e1	0	0	3
87862a537272fe4553bd06e097a055cb	0	0	20
ea1754448effff1745a53d41e7e5f9c0	0	16	0
26bd732f73005e8b7453ffb0dc361274	16	0	0
4e8d7a4662640b90817f015280cf5713	60	0	0
9acb555d3c5dd77e9035a661e7ad1bb6	0	75	41
4e986686c6630c0cdf5247111f026584	0	0	22
db296494496a7f15b6b29f91ebe1d508	19	0	0
770be50d8bff751831fb2f52ff13b282	0	0	23
0436c8f79ed938dedcc33c5876709432	0	18	0
49c519ec3540f10cfddabb7327762f21	0	37	0
86b092aefa12a97f8ff02f3d84807586	0	38	0
aa3b121dfd3fac6434a7fd9098b1e0a7	0	5	0
0ad2334ad30de68cbd3d6c42b1e06938	0	8	0
f1e43f1a9b532fe78dbd80ba2741f27c	0	0	3
bd16e84bcd2e0b7fb9c403837ff7570c	0	0	2
e379091cebd535bb5c496cb7e60f3354	34	0	0
dbf7501c53f1f03e2771b285170ca7ed	0	41	36
1dfeab67eae34a0759914eb17582168e	0	0	23
8e197aee6ee3bbc9f445d06fbb97bcc7	0	37	0
3c3e1b5c38cdff263845bba4c907391d	11	0	0
5e9ef05754406f24ab1dce7b506bc46f	3	0	0
c6170b3dc39f1f10b1d7aebb0645c727	0	0	13
b5b68fc8c16981ee1b0cdbef39cd7bd2	0	0	2
8a318553b26e0f5ed24ac41276bae470	0	0	27
353ae1167936b1a0b93e1828486679b7	0	3	0
933cad4593b39c3c52e2479bc4271629	0	0	15
cb14ca9ffec1f731e1a4333eb32502ce	20	0	0
b6d8f4e790858dc122499a6d7d14567a	8	0	0
fd2e542c7e63a1ea7b9ea05ce08ec060	0	2	0
bf33410086639e052ae98af5c428e422	17	0	0
0747918d4df56907c249c7aa4a0e5477	0	0	12
2e12d27906ba53d79e0f757a39f5346c	6	0	0
d20b46e3c9d79a8e49a48f112fc03d4f	37	28	0
e335f74033bc634af43ee6baa84fa247	36	62	73
64c04cb05e8d54504d7a7b652100360b	0	0	14
d241d6109cf25ac144ba599a1f42250b	0	10	0
d5135e3e52ad09c3e39312bf9236b4b7	5	0	0
dda06d157b462cf5e8037b70d05eedd2	0	25	13
f23851629ba4ad2f29d52ba3d64e8d24	5	0	0
cbcec8b87e4911dcb7441932c394b394	0	3	0
1c60214e2beaa51bf4cc47b6cf43311b	0	25	0
56075db06cf8536509f460b659775e54	14	0	0
8c922709dcc3f38d200849b0aea6cf3b	0	0	26
c55df6cd40166d06b25d3a327bfb9dd4	0	40	0
305b473a5d3fd9d0898bf94b27e7d12e	33	13	0
a76075d425a214b6c4a5e273a31ccd0e	0	0	16
6c5f4f9666d82b1bedf94e99acfe6741	121	162	92
1fb6ab5be1d427ef2ed5faeaacd60eca	0	24	0
b306b305fd1e6de902363b591fd28fac	0	59	45
3338f1e1484c1b122131d3dd2d112a3c	26	0	0
83e948f389f9d97b0c975afc880989e8	98	76	55
0fd0d931e539ae60c0fba2e5e7f05285	27	0	28
16eff35eafb00be43ead5fd482b913c6	0	37	0
bdf8a26094624622d68509a87fa75ba7	91	130	85
8145fcdc23c05da1eaa10f826eafcd02	49	75	67
c0e995afeb5ae6c970a5e27244f76c8f	0	56	0
02fa317b5d1b011deb85209adc224532	16	0	0
0e20ccfe819fcf978e5091b60e7263f2	0	16	0
a65e67e7cdc28b6dcc4f05760a29f572	0	31	0
4e89cc2599016eebeb012e9cd98a867f	0	0	4
10b56dee35e90120b500148420daed27	6	0	0
3da104ab7b4ca612e31cbb794fc82d31	13	0	2
4dc9fe5901292e26586d00abead1758c	0	2	0
3679581049e71c186e7ac62cc46ddcd0	0	11	0
ef28d1c2fdd622d6a8651bd5357da345	2	7	0
6b59161763345b499b42cb2c727678cd	0	11	0
5d62a115a6080afb2bc3d37d729aea72	0	0	5
29d7108880d34a2be67ec2a0c154ccf1	0	0	3
e23668542475c67c93613fa521d5c66d	52	39	28
11a67ab95878eea93a3253b8ed648554	29	13	14
3763ff4a735e580f3bde29c8e0121c96	6	0	0
9c2f82ab91a5d09c2349d96892a9a5c4	13	17	0
a833e466991f8144f5ebc018bbacc7a4	42	53	65
a664e812df527cc64b813df57682715a	0	30	0
d1b1c255551012daed8ff39350ebd5e2	41	45	32
d454a7d888d963fbed0aaee0c09237f2	102	41	42
57995e986b258521b80783b0ba473ec4	53	0	0
d30c1492c97013375e1246eea6569d5f	13	0	0
c53d1a0a41fa92029bd1519379917258	20	0	0
df29eb72574b604b3b836ef3fa170a2d	0	24	0
7bd3d7a81e3618797683c30bffbb6e23	20	12	0
7d5926404952d7e9eb7df30a82b82fa9	56	87	82
515a3900310642ba5a344a2c9a9f0af3	0	28	0
7d9310c1e1fafee36b0eb25c187dd0b3	0	0	12
187f101728dca3e1632750c29530e148	0	0	25
47608d9d466ab01279c6985ed821046b	56	35	0
49920437fe4e97e0566bcf6484493c40	0	0	8
e90433654a284ec0b50e703b4d1a3f21	0	0	4
dd9552fa2c5eb7e6dfd432ccb0f09d9e	12	0	0
d9caf81192e64bb2bca872fbf0601e3c	0	0	24
e8a451902707c91ace1a80d4c3e76078	0	3	0
a4e74ce3d88c0d168d75f8cccc73176c	0	0	7
406cb889a2af9ae3d0290fc66833d0ca	0	0	2
a785142b3ca20ebb09d1bc0a1101db2c	10	0	0
8f7751566d4b004222fc370fa5c47bfc	0	19	0
a99f8336c1bd31088e8f10763a794342	0	44	0
91b8a475bf475ad884f36203b1c64b19	58	0	0
c6dd460267ec8fe231cd0899e534df3a	0	10	0
02ea5ec82f19361c276c9ce80973dd58	0	0	24
9a2869f68b577374400bcae863d5d395	0	0	11
6bab220bb6c25d945de1473c96b6f8b2	0	17	0
7d571cda81f8e28bdaa73aed9a5ed74a	0	0	6
5c38e760f9f3be7306ed0cdd355c5df0	0	0	16
324792d80a7bdee8e81e5887b4504842	27	78	54
f79f931063a7450fc74d4f2e311431e5	14	25	18
42190f013333e1aa248b7e1a41bcfda3	0	3	0
c6c891f859334ad2bb1ea78996fd4b6a	0	0	2
fa4f79372f8f568adc32806ee8fc3957	0	0	7
9d2910062149459db17e3e64b8551463	4	0	0
cc3df884dde49ba1ac2ae3a3361d87a3	0	2	0
1af1fef0ff00b8b0412306e87230ebf0	0	0	8
aada402c5d802bf90b3c1335a890b1b6	0	16	0
6575b829fb0527bfba16afb8001344c5	0	6	0
6f951df285f928dd0ace7353c30e5e46	0	0	6
c9dac1b01afbcbb851165547387c3f11	136	222	190
f69393730d61764b8cbe557109426b1e	0	30	0
2280bf587b932c22e8b6507968181255	39	0	0
d2bff0cab22fe6154697398a0f794600	0	7	0
ccd6d388783c435c3828ba94aabb553d	0	30	13
2d7468f235d9e545738b132b06db96a1	13	0	0
0089246b56470cbbb51f119ebfc80f24	0	0	11
a5c39e9ce6430505f05f2f3137c36d6e	0	0	40
abe5f1e18004fbdc6159bbe7c3aef328	0	30	0
c880097a3bff22f234be3d1fd4b01094	0	7	7
17b07dc34db5d0e0d034d73a6a9f53a6	0	53	36
efae9af0b4b9c39425e7e241a1aa6a9c	45	0	0
481073d4c2e9a8899832242f40d1ead5	16	0	18
c841b948c32d19c506cc395790475273	0	0	11
be79628c15fac80f5e681e08bbe45f7e	0	18	0
fffe00f0b838312506907ed2d4c0dd71	0	0	6
151e3282f1fe30ff1ee3839b28b98d24	0	0	14
d0c7dc97cce415dce386d07943cee5cd	0	0	30
e1a422b9a0d718d4aadb6914bfded91e	0	19	0
2743cc5cadd6409401478c32a56c51f3	18	0	0
089730b8c483acdba3e7c6932555741b	0	22	0
e5f3bd5ffc50f0cde6ebea98cc737315	0	0	19
7df2667c58ae318ef8469080925ede3e	28	27	22
8b654547deae6a6aaabd2908a7f9bb0f	2	0	0
04e6e157c23c0d6e152b50e979a07aa2	0	0	9
6193573d9d1a36cdefdf604d1cc988c1	0	76	48
153f356ece574810a44e02fb4be384fe	0	6	0
8abdf967e5b46a4af2dc34923219a392	62	87	70
8e51015d11dd46df43b7e1e741bcc96a	0	14	0
28694690fc223574f3e6d9bc0662229f	0	0	14
c4e7cd3dd6a1b257b525113de1ff498f	0	22	0
e57ee1bb0e5f983efe1d95434ee70df6	0	14	0
434cd484162a5a93f068ed498a65eb85	0	2	0
e455ef1592d6a650fcf1cd9fdb76e03b	0	3	0
b0d88fd1314b3ee31ac76bec78c699a5	4	0	0
6be31040689946ba277b4d2d94567bf7	0	2	0
ca3a23e08569cf875944dac81527e3c4	0	0	37
55e34f73a7351bad9d831dc8dbba8af5	0	7	0
8977669e13571a38896fefbdb57e61b0	0	0	19
efe2b1b299c5692cc1261acd4ac18dff	0	0	2
da8f916596a56dc2daf59e9af3dcbb98	2	0	0
4f3b2220463a7cdad34327ceb34a4e52	8	0	0
1180e2ef37ffbf1b81b3255f57521063	0	0	6
08b777085d43f7b2eefc8daa025ec058	0	0	2
9741317d5b59760e7e9be038e3e258d6	0	6	0
a3be6c154e09e301dbd613ba9a33e7e8	0	0	3
00739e066482287450ec87badbfccf06	0	0	4
c5e54fbde810694d472e2f8a49332727	11	0	0
37c4a32f322eda4a3d0b29be5a936c05	9	0	0
eec5ed94c1896a746f72a038a0d008b8	79	115	122
df1d6db07eade390a39654959159ee9e	27	0	37
fb687d9871097d5a95fc22afa6aabce7	0	30	0
bb4b27bff71e8681569504db2c3fcf99	0	38	40
90838e630e353348db2d00ee1d740aa5	65	70	45
4180456d7ec4ee5d74f298ee9461b1e5	0	18	0
87241688fe66505416dc9e9b8d6510bc	0	22	23
d883aad1725979ac0c2360417ed1f940	0	0	66
891f4e188fadbc3661081d172cdc6b0d	42	0	0
48a56b69f8e86c31b3f15519ef95c2e2	0	17	0
70b5b0991f4fca4d833f6de4a3497acb	0	0	14
44f304c5821e9efeb48bdf9f0bd82191	0	31	0
7625543d02304c6a42e1c6d0dfe96791	0	11	20
5958fd2b7ec972907e061e8f4d0c49b8	0	0	13
a04b4864548b122cca8f161f24ba8f1a	21	35	35
274591784e890aebc286414683a92e4d	0	0	3
52ce768d4778d9669bc37805601ec6c2	0	0	48
10f0461cb8a244c14aa2fb73e127e9e5	64	81	0
1221c9d83db3bc9cdd85aedbf040173e	24	0	0
dd01c5e5904aa112d95ba6b2ccf5093b	0	0	22
b564970c91913d0b29d17f0830c99791	0	15	0
91e3796f3e2989b2ba0cb681550fab3c	0	0	20
bd24b7966ce594d3534ff34d53c3e8da	0	0	43
384cc1ed47f9717cbaf2e9985e2576dc	18	68	48
ed82a046875fe2fb69e9c2aed1a01ae9	18	47	0
0be31311933b0d26d811dd5df11c8116	51	0	0
613783c2e64d402e103fbb57a2f4ba52	0	0	68
ad145b5c8b7c9b7ffb1c647fa0da640d	50	88	56
7c7f05346408c901400b1f7062da1195	0	12	21
1f133fcce3b7876d73cace890b3ed2b4	62	0	0
6fb88567bef0161c8a7fd28cf788ddc0	0	0	10
00cc74ee56d3174fb727cae24387fb03	0	30	0
284fc9a5f02d2d6154089db1ff1729d9	0	8	0
3502e3f380d9bc3066c5fcd414d9dde7	23	44	34
25f71a738aec609fd80b95e2fed5d0ef	0	12	0
bb1b977c03d395656cbb611375cf2578	0	0	6
73453ca46f3adcba44fe492b443d5b41	0	14	0
6eb55fe104d9d4bcfa6c5c43ddba0ddc	0	8	0
7c188ff40a7d4b59351c29f3bdc06236	0	0	35
51a73124d997194908607b6506e31369	0	0	11
04948184207bc713349dc3cadc67f1f6	0	0	16
cb6cfe97a73ba23dae6ad94a719fd429	0	27	0
1d8908d567eae5111c0bca4a5fc98f06	0	0	24
c30a2474092ab045472dc4844742b3c2	0	0	24
07690a24ba38a3b5f295365ccfc8f960	0	0	32
e68203c02c2d06aeaea7940998cd3d5c	0	25	15
33b59ac7bf646a8a5b1129313c3cd6bc	0	9	0
226d284e8a3fb9062d924c49e0dc96b6	0	0	6
dc4541331f5c875913c5b198a3ea7f43	0	8	0
2543547cd367e0dd7a671b3a5a0a7e73	0	0	3
8a01f67c1e585505f4f1dfdce7cd1295	0	22	0
e6f2173f618515f3ebd23aaa73027486	0	0	7
9f856d32b2ac57cc372dc9121fda3e0c	0	0	8
7f53cb8a8737391fe31bd4e09d07887a	0	2	5
9ded913f5953764ee85b7cf7b9d0d22d	0	0	4
551bd629c8e0c0f2cbb0069f40ccda43	4	0	13
f3c7c546942c68bca25e51b22af74e97	0	3	0
ba80c83a4acc74a7aa954a4b55d018da	7	0	0
db6f730fded5675ecbec161aa233bd81	3	0	0
7bd59b9a11bd6ce6eb075fb7faf518c7	0	0	3
aab82d73070a67f203ecd91ae6b1f1ed	5	0	5
bc91e479c645923c57c2f6460618ce52	0	7	0
ae8da204cb7e673e5c04da873b5d0cf1	0	14	17
ad89586488853da1ff76e2544b54d291	0	13	17
f805dc255108b89022d6254aec986357	0	13	0
2c1e72b9e7fd5059fbcea64954c2c453	13	23	0
e4eb8f70c4bb9fb441fda5359573123f	0	0	14
efba8f3b6fed2f1570b5c3ee98526003	5	17	15
463d2be3c1360e6e6850b5283e5d3e4d	12	31	27
c2cf4a76583c79a8d92c9fa71129914f	38	65	37
70013092a64d7c5fe3828f2673ff3633	0	0	17
d661c77e9b566ebca6981b19456f6e6b	0	0	9
30b902bd42e9731177b1deb12040e10f	0	0	4
101e498d32d01c683b937a772d4f6bb1	0	3	4
59327b53f0efa62a1bd2f0310abe695f	7	18	0
c039cfee3c0a0b26099315c728391d85	0	10	0
643f1061244a4cdd8e5661f76ed108f2	0	14	0
b49b9eeda750ae9418eb1da0c2918bde	0	0	24
35985f01e4db818e695f3e06e800d34b	0	4	0
e02ba31fc84c0d52ec17f12f467629cf	15	30	0
8bc9cb67d9ef771a0196844a29078fd7	0	7	15
77dc60eabce5187c90a58664904c3dbf	0	0	20
de279f38b01e7ca30cd4c8a035927441	4	0	0
6d60d250e326ced9a898ee6301eedc8b	12	0	0
5ef910dcf68f98ee0b58005aa0cc78c4	0	17	0
68dcae7a3749ebeecda8367ab2d55e5c	0	0	14
9a824a2729f77dccaa9e4361f2869221	0	4	0
fba99ef14c89f4e7c86157357172071b	0	0	4
1a2e9a45cd58449faf10348ad24e475b	0	7	0
ff0ba1e3ddb65b25620051fce39bac9c	0	0	3
66cdb09009e6119f2257590459beb9ac	0	0	11
43bc14fb698b486cf8be56e4803f7fa8	0	21	0
768d500dec54c80d5ef769902dadd792	17	0	0
035cc171672d5f840ef23ae3c553acb6	0	19	0
abfeeb2d10e7915a611c8f179c37ec27	0	10	0
30b8a069271484543d2ee3e90a2c2d74	0	6	0
6386ac06ddb1872615bd0f666218c648	0	0	7
9d76fa8387fe817c0e6e0603c32fe6dc	19	24	28
2c38fd6db087ee739425924f1b488b1a	0	6	0
ea080c0dcdc95a335be7225beb457c05	13	0	0
aa61cd515a3c2da1529f83a0865d1283	0	17	0
c4f3cea13843f581f22d8bce36389036	11	0	0
2ec0b234eefefc084e457d74bed085cf	0	20	19
7276da3707b9935e97a1e074d4cb49e1	0	0	7
58935830f692daaaeb42420dabbaafc0	0	22	0
dcc4cc0367bf5fb1149b386bf68133f9	0	0	21
8ebcc975d2770f7bd8491c328f7ee150	13	22	0
6921525aa33dc422806ce4531ae8ec84	8	0	0
058191442c9d64304bec7a7974417c7b	0	0	23
55019ad4bbb9fab506ce2ca0125dd845	0	0	12
6839cf3ded7eeb67b6faba5a854f4d29	0	24	0
0ff6450afcae457c782e64c74f1a9183	0	24	0
1c1890dee725b539748e4d7e77f51c31	10	18	9
b224895238e8d46a7de1ac1374891b4a	0	0	8
e4d25ae8c50f1845b55f12d902fa1e8d	0	54	53
0cab993a09f5d8aa7e6c3122c4919bc3	0	0	7
1abc404298305424fdaced2d76a97d78	7	13	5
aab7a7aa481ecc62c8fdc7e8406a9230	0	0	9
793e71a9accda04733e604e268163162	6	0	0
59a59bafa4af4a5037fe2385d2d3047c	4	0	0
732f3bcb2a22d8f9145ee60e98bb1dc1	0	8	0
89e0e2f70acbb2b76c8edeb8d90b3f07	0	14	0
b303bb5e80ea8073b2016c3fc1e3dac6	0	7	0
38e4654921f80a26a1a64d6ba7807dcb	0	46	0
6d7e5fd5a5499f4ec97325ae2063d21b	0	22	0
1eb7c4b69ddd018ea90efe352dcd78a4	0	0	18
9111fffe3e34ea63049c3c22bc24462c	13	0	0
4082e349ed02ae6378ef05b214e3e275	14	19	0
51c53b0f8dc62f6deb66d376a6daec11	10	0	0
5bfc5379bf88dcd0394efb0cb77c0f05	0	0	15
62a5b4eee9b386b698dec895d166cc13	0	3	0
f45d436ecef0c55d68c1686e1eb28c85	0	7	0
f727fdf97b56bf5b474e54d0d678620e	8	13	0
6b796048b14144578b2339c7035004d5	0	0	4
80406f4229979c59b190101a1fcc678f	22	43	0
63321f408932c626da9ed1f1e73561e9	0	27	38
9223c3be224bb3222ba3800c296e959c	0	30	0
e7a379fddf934f05e40c24a39871dd73	0	0	4
77abf242648309cfeca207b90636e2e7	6	9	11
747f956cd5422db9ba82ca7db794d141	5	4	0
f134c1a607da0849bb3d4bf904b31254	0	0	4
9c0656623d2a524e3865740e35d44620	6	0	0
cb44b2f3a2d6264f1643032245c353c5	11	19	0
6ba9eec0b129f7a1218088dd02f4d5e9	10	0	0
44aa05ec68645e610dc62685f6f78345	0	0	9
5bfb238e5207b954238bf6ce1000b1a3	0	3	0
8ed0c06cd92f2dc05ef0192179abda27	0	9	0
985a3068c75a479e7e3d7141af5887c0	0	0	14
69f38f9e79867a0a88b172de2543b59d	0	32	0
70223be8239e345573e2c51f52749e17	16	33	19
943fc8ee3ee39a1628bc8351e5a6a862	2	5	0
e0af20357793e919baead2a0f45baa7b	0	3	0
dfd8b3675f26ed7e81ed2a2534640ced	0	0	12
c8e0de9ea54e65314bf6bf7af986a96a	10	17	0
9f106668233f26b9b709666fe86f190c	0	0	9
d3040c1bd31bd0362ee180f622386638	0	2	0
83143fcdb48aadec262853e6e1dfc31e	0	5	0
daae8539883967e20edac777494c8f83	0	0	7
d5e8fa48f265e7b5bdaf5cfa8f36edda	0	6	0
fb8b59fa245079c780a280fdea0b917e	0	9	0
9569161837011e350a6091f4652c56ec	0	6	0
7b9ff6233e34f11e0d48f99a55bdbf46	0	3	0
4403f5db23bb0eb9c3c8410276342501	7	0	0
87557f0a51295a137262ff364d551c87	0	8	0
fc3322c60a4fad212f61198bde292527	0	0	3
d002e0d8e4516215b88750d01cc706e7	2	0	0
3922a68e168f6f6dd2b64b1a847f09d7	25	44	31
e3c1c27502e485d1c06d5e1f1a212828	0	19	0
f1bf710edd90678f37cfbbe8f272cc6b	0	9	0
2fd446772c2312a30907eaed545830d8	0	22	24
c714e6e20fa72a0f8e554c6340a6fd42	0	6	0
fc12826092ab98829cc631667ec93e10	0	0	9
71bc7dd0e681a008201d214aaeaa27a3	0	3	0
c9930a845578c670e42779eb50e4db1c	0	0	11
bb97862efb97edfd650db0620432ddc6	0	2	0
af8d251a1ab3130daccb575827d54309	0	0	18
f1d0bbfc9763a0bec4b94417fed4dd8f	0	5	0
d4ecc5fc0ad81cb464ebc69396594dc2	0	0	4
a09838a4e919e8c54bc7cff3504c5844	0	0	3
c78d0d6085d5290269e1119b0a14e932	0	0	9
11b8b68b00f4cf0ec11e30ba61a47caf	0	16	0
cf8fcd57500a7c5c48ff32d127076520	0	0	21
f8e3655fcd611bae4c7b823c98fb11d2	0	0	41
fa768cd317211333a10786a85e9381a9	0	16	0
641abbc43d395da04b6884bae547786f	0	0	8
ed0f7b63d2531c14615b1db44ed71aee	0	3	0
c4fe10f3dccf052703b9fe4506ca0528	0	5	10
097a8f7af158c3013754877687a42e2f	0	16	0
987869ff61a2f9aa291a016392a0b72d	0	16	18
e1b12ea8d1465463c9ff918424da5a5e	24	30	17
fac8b46a31d2440c45932303e91b9270	29	0	0
d6138838fdd3c3f8fa0ed11284f12d8d	0	34	0
25f53abaacc7d373d4a15a0763f6fff5	0	0	3
9a2df7e834856dd7ccb72a2f70b0a54b	0	0	3
d185a7d6b4024fb7f9b1a5aa9263323e	8	0	0
0898a84b9f76a4acd8de115702602a01	6	0	13
c671d97c16178640d9e8329982e5a16c	0	6	0
a261e1d6226d6ab96314dbc59560440b	3	0	0
8c16ea847de39748bb2851e0a46a58ff	0	0	9
5ddb204662d83e2803a911f34fb15910	5	0	0
d066d3132810ff7c78b9f82430188035	0	6	0
c64d4b756f605c8e3df06a021b88de5b	8	0	0
c1e46f9351364db30df20055ec823481	0	11	0
54842deb07df04feb0f9f7ec4b6e825b	0	0	12
b694af58e22e420ca4b24b8d56a92ddc	0	19	0
a68ff4703d2d9f2094bb5422667ed80d	0	21	35
41cc24555c3ca5228141f00e0423cb56	0	0	15
9cb9b865edf36e7ef2c99b9d060034fb	0	8	0
33c50d85d93382cf0bc891e9ef3467c2	0	0	8
3971680cf8ee69c33e421e273fa3a1ad	0	18	0
b66e7db4555599046a3ec39f47e6d984	0	6	15
ca830c04f3e3689ac0ffaae144aecb78	0	11	0
410f2b11fbf102e409178114af1bb4d6	0	17	0
acaf32d9c89ce2c359ea73b24a7fc1a9	0	0	2
5fd1e78897ce7dd2b3cd74ce563f8fad	34	28	43
02ebbca8dde221104efc62afa66a8540	23	34	38
bbf9565e5b5d39310f9dc588541ac255	0	10	0
f2dc38d505759cb53b5d7096ec508b5c	7	0	0
3951aa1c34e0d7a83eba2fccf79f67d5	0	0	5
d88f44e5db747027312335870431833b	17	19	0
31047e1d20a9b70158f05407049b9e51	0	17	0
3a3cedcfa672cbe04fb0a810b119ad83	0	0	10
7e8cc56645cdbc1def2ee7a3c0c71275	0	34	36
92d04a8bfcbe9ddcc1bda03897b95251	54	48	24
c12cb97eb5f71aa4853c515a61c9d4e9	0	10	0
194d93c568b9ef8c5e117957d2fe748e	0	30	51
9b7da475d5681580f42a07ad6cf11a55	0	14	0
9d127ac8ec1a7b03befe92229847b811	0	17	0
addc0ed1c7786af6f4ef1aff5d71e5be	11	12	0
0875df83e19778d33f4a3b522a3317b2	0	0	25
cfbff020321eaed0eb8535544eefff01	82	81	63
1a74165ccfd93d0c3a2f8cbd9784e6ce	0	24	0
f94aa13ee8b722a376351d8992abad05	0	55	0
11a11034a4fa495e4444833a6b4f89cf	30	0	14
58eb3d4ec1375dd02de04c10223bb2ae	0	21	0
28a6ac9f420df48b98c61fd2ed8501db	0	0	18
4a145a2524f3d193c8dc02d6705efc57	0	17	0
ebdc2615b61fe628b9ce6252f7465d9d	0	31	0
a619d1b2016f2e2911b82d5df7cd0262	0	0	26
0b23d05360efc3bb72ddaf15a4a1ceaa	0	27	0
59859b7d82af4ea2585e2a30d56b050e	0	0	37
a3f31c4bc8a69f4cc9ee547dc1dfd623	37	0	0
231414b11665df46e1072b43f7e5c856	0	64	0
6769e70ffc969aae76caf60f11f555c2	0	16	0
b48a188a24ed126894db7d73bd6617cc	33	16	30
5da41381b7dde967979e35d998fc0d8b	0	0	25
8d9d9fdc9e1cc9baaf4e72440d81f40b	0	51	49
1c7649cf7a4eae57c49439f143a8bed4	0	19	0
393678c490ece83d11323b438680a4f0	0	0	36
f2641ee4ec056d6d9b03de166e1f96c3	0	0	18
19cd977faf5d4bcec38b178830eebe72	0	37	33
ad5fb191e893b1bcae419f95c2a72841	0	14	0
904aa964f2feff2f6a741b99ab0643a4	0	0	7
b21c68d822d5a5891284bb62ea53bc24	7	0	0
f0236eee2ba3665fe5d878c5387c199f	3	0	0
87fda0612407747b37129998e1514a3a	0	0	4
4c22a77e70eb5496df700d4ea12b60e8	0	6	0
f0fd8dd975ffca17cd444110a85a3354	9	0	0
166ddc5ddf914366fd9373eb42db259c	0	9	11
fa4bb5dc5eabad899428cb05c8ed91de	0	19	0
0ed82bed84de7c737439d2658891e5e2	0	25	0
e9f7fffaf0a0b86a93f1b258e277e34f	29	0	0
f7d7d76d8d5dd252c86f4d4b167fe1df	24	0	0
b17a2f19f4c913ea1af58c2cf5b3abbe	19	33	0
225671ed33a06c9e372cb09428c37ff1	0	39	0
7ff346973a282aa55de296afdb5d74af	20	54	18
4c981660e39a8b03e7403e8e695db1de	13	21	0
d66072bb4e903a9c1a95728d29427410	0	10	0
7c9260cb39c10fef45b09ad77d5adb8f	29	0	0
e6f35e978bd7ee5baf1f0e2b955965f6	33	0	0
dfd41ce72aa4249096436ca706e7a718	0	34	0
f518fd108f2234300c392ee9f7e4ffc9	0	32	0
67cc349691fb80d66d4b2cad3f2071f5	0	0	38
8ea729fcbc353e21a5761c6cdbffc918	0	14	0
d78f7bd1748934a7c9e1ec9db841ee49	0	89	31
625d8cad7fea98b7bb7ec830271d6c58	36	0	39
27536804bc3e0e1f46abae1dce6f7d25	47	43	34
bdf55e50f2da749b32e80f732d242513	0	22	0
ddf1fb89776d6e46867f2e4e98efd945	0	0	11
053a78cb6968f87b707f355d80a55b4c	27	25	31
0cf422a60210c22dbdb5e23ff1ab79c3	38	72	43
4814cc2c5e0fb1b449892cc3ab3e127f	0	28	0
d68f525366c1dfdc0984a90b89867e95	28	25	0
65d9d4d2127be5a5196e4e38b7caa3a1	65	31	0
2afa4f4ffcab42b8b0f0ebe0510c4b73	0	0	4
e7b2dea799ec7d376d2a8c7e20ef6dc3	11	0	0
ce6dbec6348b779290f7a72f3512b4c2	15	23	47
35d20da789dde8d76e4389fd6d30cc9d	0	30	0
5ebcb68b9ec84f2e4c76d78a4a69d0b1	0	0	41
72a06c51a3f90d7144ae18abf149f19a	0	0	48
fa9a6e135e1b59ef03c8161a496a9add	0	51	64
7a51a079692ad115837d633f9f784d3a	0	0	28
c8e98e2c223d3900eefaf1f51b5cd5f9	0	41	53
7fbfa99ce1c5ee60873b732f04c00478	0	14	0
1fac7db9ef21a1e305bcccc863a8bd96	0	25	0
74a26e97b02fcab82b0d346de4920f75	95	99	112
dc833156df5cf571bb4d9ffca16a6fd9	0	0	15
1f5f5a0858e39cc48f72b22a90b3082c	0	0	8
fa61189dbf39b22432fe5575efaaf286	0	23	11
b32648a253a3bb21bbe3bcc1db3f7caf	24	0	0
cc60312357314937af544b9333c06feb	0	0	16
2503e9688a7a044a8c6685a2e9d11d76	28	0	0
caf8e49ffe1f4fb7e13ac8e3cfcbc6c0	0	0	27
d057aad8a6d8aee870c51f36e550b711	22	0	0
9b6c1c71afb10ff332827b3b8c24bfef	0	15	0
6d499832735c90f679b055f545829977	73	84	53
c4def24d4e9cea12f3f0a8a0ca43afda	0	31	0
d619ecfb9a3c486817c9d2ad54708066	42	91	59
c4e62cf7eb7ede78ced5514c7c87c433	19	0	0
12c69e5e0036ed5b242874f1a54a3d3c	0	15	0
29d15c7d3cff5b1ef8580ca0f9e273e7	0	0	12
3b286ab93025fb08ef668e5664cb610f	0	0	40
41ac35a92cd3b9c275304ee203d31a56	0	11	0
af6002392c0fa0428fca53519f1c53cb	0	0	6
f3c89d204772557987e29b6f04ace7b9	0	0	3
8069b98903cf157544d301cd9365910d	7	0	0
3d1442ebc69e47ea45950e5a5635293a	0	8	13
b3187eafdfcf3669da636c689e131293	0	5	0
145dc6c11fc1fdd2fcc7f7faf752c071	0	2	0
e409628f0a02722357e6fbb40d5eb8b7	0	27	34
3587c6abfc690be61e5fb03eb78a8368	57	54	30
9cdec620a44ed3ddc138d939083095d7	0	0	5
9b87bd86e97bc1326585f10d30568705	0	4	0
e85a9a023caedf20ad530a4eed00cdb2	0	0	2
98b02661c3f341a082fd655500cfd9a3	0	5	0
129cce36e27b2d42041803afa8a61694	3	0	0
8a48e16daffa2cf6c624e813ffcd223e	0	2	0
2de98ea0f1c1f231598883ca916e6034	0	6	0
bf2577dec355b1b1e559172a80b6ca13	0	0	8
27c0d0119deabee1dd692399c5509fd9	0	5	0
382de63829dcc27e8723fada1b569120	0	0	3
32a49a76d44901bbae6038751885c19c	13	19	0
2671eeb628d759575a973bffef9cd5a5	3	0	0
9858c99d71a6092c9a3605f22d2e4009	0	6	0
e155883561874e5226c347146b69a356	0	0	9
48f1fa46826a319e0d04bb080cd89a75	0	8	0
01e87882b59eb3142113187c216bd737	14	10	0
6c83a2cf5083f1c4e88bc54f9bf54e96	0	30	0
13d4c8ddc48e135a8ffb0a8d0a495fc5	0	0	11
8fb90298eaf809f054dfb0546c63dcd8	65	92	74
8087814d0e0f1f9f701268f57c5a544b	0	0	14
aa9f1864cc277803cfb2d6a4d60f1d27	0	9	0
7bc0350f1797871b63949b141e6338b1	0	0	13
9440c0b3ca91cb3f9ceef3e49d5b0eb3	8	0	0
9dc478348145b36ace57bade0139c5de	10	0	11
6d980ebd622a901e666a1ef2f6d46f1d	0	0	17
7b1875383e6411f8639e1a881bb53f26	0	2	0
1f2b04702e5efca57070e70595815211	0	0	2
464c964eaaf6ee8bd81f638e1b60b95e	0	9	0
052996cf4de6a0fb65fe12fcdc96f7dc	0	0	5
3f6dcdf243b92b93480268bd0463c10d	29	39	25
05a2fe74bff36a708fb6ef8ff27b7018	7	0	0
17e31d2950ce6f593c6b66b519b2a017	0	0	19
0918bfd5b78542e754f0663fdb2c95c5	0	28	0
d5f8ad802d84d2b5a250f9c2a456a9f0	24	15	18
463d8484356aa404a935219e8fa468e2	0	0	10
54b0c6285f68bfbed19d9b367f169c13	0	4	13
baf1b8ec1fc1645c331b4d1ebdc0fa64	0	14	0
8034a6e499f5dbd9732af9fbad7d6777	4	0	0
2a2ffd9d33e1df8e1b06a7656b4d07da	0	0	9
60bd5ab8ee222b6da19c56a88f3767d8	0	8	0
43c651aefbb563dd58f85edcc56e77d8	0	4	0
f7825329aa892524735ae9b938ba355e	0	5	0
5e04e4905bc607faba22e1f8a2686774	0	15	0
e860ebd67e435a0affc8483c65267b32	14	24	17
7f7c988280e830d488ab95d84bcba0a2	29	56	0
30e74a6161e80402dd47e8e846fea12f	44	73	34
cd3ded1adf7568ccf9defa34bf261edd	0	0	14
b6845225481b0e4640fc5514868151c1	6	0	0
407f66dafa0236b941af520320275e1a	0	0	7
584d3ffedb1348c170049ff3d4f5e08c	18	30	0
85e9c7b0caff3048a65ecbcc35e72b29	0	0	22
cfaef90a523d6090e83b3e834d122c08	0	0	8
2cffd295cc74e054a1a71da09cd056c9	41	39	51
b60f80b7fe74308db11910d360007fdb	0	0	14
3a3f033b4b261fd8fb0e43c63d05caf1	0	12	0
a69de27254bcc30bd97601e960db0afc	0	4	0
214c072c6d85b102bee7e2d838c686ba	4	0	0
7db7d4dee5fdcc5063d7e48e2916c6a3	8	0	0
9fb5ceb10a5656cb3aab2000048c18cd	0	0	23
5507894904219ec53e2245d014f3aada	0	0	4
64c633f1ac80db2953ea46c89378e7e9	0	0	5
78036a0fad42c93c97f52d1384560758	0	3	0
b8af8af665548371d64b9eadb544c010	0	3	0
2a960510ae620eae1bb180fa772240de	0	2	0
3de6b4d2ff885dd9bb93b8c6b3bc0f59	0	0	3
90e102587a013f288740825bef9055eb	2	0	0
af69a3a45bb4524a849981a224ce9ec2	0	4	0
50fcc7fd80fbb873046b3227013dc359	0	10	11
fcd254e8f93e3ac81f612e768899f97c	0	26	0
c39e15de7f8295ecfed0969cd53b2126	42	70	51
1446519c865f7b2a5b0538de959d62ee	0	39	0
9549b63f91256b6757fef7384cf2ee9e	56	99	73
8aaaa8d82e84f0578c2ed71c52346da9	93	93	87
c1decbb97dbc1dd10976f8df63439c0d	0	35	59
dcd7f5b690c171cb0c14c5f0b5502443	0	23	0
60fb84db34908c3364a98a9c2c8b2b57	12	0	0
8910967cceeb0bf7df823a8bdfa183d6	0	15	0
0ecf856fdaae0e222e4148b5c2156867	0	6	0
eb2f71a107bf6ed7146ab4f3dbed28a5	0	0	27
fca1f53ae2bf2fd6ff62f69b5559f01f	0	3	0
115c5aa6767206259fc870788e82639b	0	3	0
87b2b4b627f60d9a4caa99cb0c272da8	0	0	5
cf30812fb90948e36414ed5c24af78c4	0	2	0
37b46fe949f259f57ac7deb0460fa011	0	0	6
664585d4d7fd2ee690e36ec4219f6485	10	0	0
cfd89164e7a17906f5afcd40c967b346	0	0	6
7078a50f34a48b22213cb9f7ba28b267	0	0	3
